fraction	session	jury	taste_original	taste_intermediate	taste_harmonized
fraction_17	session_01	J1	VOLUMRE_MOYEN ACIDE MOYEN CITRON_LEGER	VOLUME	VOLUME
fraction_17	session_01	J1	VOLUMRE_MOYEN ACIDE MOYEN CITRON_LEGER	ACID	ACID
fraction_17	session_01	J1	VOLUMRE_MOYEN ACIDE MOYEN CITRON_LEGER	ACID_LOW	ACID
fraction_17	session_01	J2	AMER_LEGER	BITTER_LOW	BITTER
fraction_17	session_01	J3	FRAICHEUR	FRESH	FRESH
fraction_17	session_01	J4	ASTRINGEAANT	ASTRINGENT	ASTRINGENT
fraction_17	session_01	J5	VOLUME  CRAYEUX	VOLUME	VOLUME
fraction_17	session_01	J5	VOLUME  CRAYEUX	MOUTHFILLING	MOUTHFILLING
fraction_17	session_01	J6	VOLUME AMERTUME	VOLUME	VOLUME
fraction_17	session_01	J6	VOLUME AMERTUME	BITTER	BITTER
fraction_17	session_01	J7	METALLIQUE_MOYEN FRAICHEUR_MOYEN	METALLIC	METALLIC
fraction_17	session_01	J7	METALLIQUE_MOYEN FRAICHEUR_MOYEN	FRESH	FRESH
fraction_17	session_01	J8	VOLUME	VOLUME	VOLUME
fraction_17	session_01	J9	GRAS SALIN	FATTY	FATTY
fraction_17	session_01	J9	GRAS SALIN	SALTY	SALTY
fraction_18	session_01	J1	VOLUMRE_MOYEN ACIDE MOYEN CITRON_LEGER	VOLUME	VOLUME
fraction_18	session_01	J1	VOLUMRE_MOYEN ACIDE MOYEN CITRON_LEGER	ACID	ACID
fraction_18	session_01	J1	VOLUMRE_MOYEN ACIDE MOYEN CITRON_LEGER	ACID_LOW	ACID
fraction_18	session_01	J2	AMER_LEGER VOLUME	BITTER_LOW	BITTER
fraction_18	session_01	J2	AMER_LEGER VOLUME	VOLUME	VOLUME
fraction_18	session_01	J3	RIEN	""	""
fraction_18	session_01	J4	ASTRINGEANT	ASTRINGENT	ASTRINGENT
fraction_18	session_01	J5	FRAICHEUR	FRESH	FRESH
fraction_18	session_01	J6	VOLUME	VOLUME	VOLUME
fraction_18	session_01	J7	GRAS_INTENSE	FATTY_HIGH	FATTY
fraction_18	session_01	J8	FLUIDE AMER	MOUTHFILLING	MOUTHFILLING
fraction_18	session_01	J8	FLUIDE AMER	BITTER	BITTER
fraction_18	session_01	J9	FRAIS MÉTALIQUE	FRESH	FRESH
fraction_18	session_01	J9	FRAIS MÉTALIQUE	METALLIC	METALLIC
fraction_19	session_01	J1	VOLUMRE_MOYEN ACIDE MOYEN CITRON_LEGER	VOLUME	VOLUME
fraction_19	session_01	J1	VOLUMRE_MOYEN ACIDE MOYEN CITRON_LEGER	ACID	ACID
fraction_19	session_01	J1	VOLUMRE_MOYEN ACIDE MOYEN CITRON_LEGER	ACID_LOW	ACID
fraction_19	session_01	J2	AMER_LEGER	BITTER_LOW	BITTER
fraction_19	session_01	J3	RIEN	""	""
fraction_19	session_01	J4	MINERFAL	MINERALITY	MINERALITY
fraction_19	session_01	J5	FRAICHEUR	FRESH	FRESH
fraction_19	session_01	J6	FRAICHEUR ASTRINGENCE	FRESH	FRESH
fraction_19	session_01	J6	FRAICHEUR ASTRINGENCE	ASTRINGENT	ASTRINGENT
fraction_19	session_01	J7	GRAS_MOYEN PLAT	FATTY	FATTY
fraction_19	session_01	J7	GRAS_MOYEN PLAT	""	""
fraction_19	session_01	J8	VOLUME LEGERE_AMERTUME	VOLUME	VOLUME
fraction_19	session_01	J8	VOLUME LEGERE_AMERTUME	BITTER_LOW	BITTER
fraction_19	session_01	J9	FRAIS LÉGÈREMENT_GRAS	FRESH	FRESH
fraction_19	session_01	J9	FRAIS LÉGÈREMENT_GRAS	FATTY_LOW	FATTY
fraction_20	session_01	J1	VOLUMRE_MOYEN ACIDE MOYEN CITRON_LEGER	VOLUME	VOLUME
fraction_20	session_01	J1	VOLUMRE_MOYEN ACIDE MOYEN CITRON_LEGER	ACID	ACID
fraction_20	session_01	J1	VOLUMRE_MOYEN ACIDE MOYEN CITRON_LEGER	ACID_LOW	ACID
fraction_20	session_01	J2	AMER_LEGER VOLUME	BITTER_LOW	BITTER
fraction_20	session_01	J2	AMER_LEGER VOLUME	VOLUME	VOLUME
fraction_20	session_01	J3	RIEN	""	""
fraction_20	session_01	J4	MINERAL AMER	MINERALITY	MINERALITY
fraction_20	session_01	J4	MINERAL AMER	BITTER	BITTER
fraction_20	session_01	J5	CRAYEUX  FRAICHEUR  PEU DE VOLUME	MOUTHFILLING	MOUTHFILLING
fraction_20	session_01	J5	CRAYEUX  FRAICHEUR  PEU DE VOLUME	FRESH	FRESH
fraction_20	session_01	J5	CRAYEUX  FRAICHEUR  PEU DE VOLUME	VOLUME_LOW	VOLUME
fraction_20	session_01	J6	VOLUME AMERTUME	VOLUME	VOLUME
fraction_20	session_01	J6	VOLUME AMERTUME	BITTER	BITTER
fraction_20	session_01	J7	UMAMI_FAIBLE RONDEUR_FAIBLE	UMAMI_LOW	UMAMI
fraction_20	session_01	J7	UMAMI_FAIBLE RONDEUR_FAIBLE	MOUTHFILLING_LOW	MOUTHFILLING
fraction_20	session_01	J8	VOLUME	VOLUME	VOLUME
fraction_20	session_01	J9	FRAIS LÉGÈREMENT_GRAS	FRESH	FRESH
fraction_20	session_01	J9	FRAIS LÉGÈREMENT_GRAS	FATTY_LOW	FATTY
fraction_21	session_01	J1	VOLUMRE_MOYEN ACIDE MOYEN CITRON_LEGER	VOLUME	VOLUME
fraction_21	session_01	J1	VOLUMRE_MOYEN ACIDE MOYEN CITRON_LEGER	ACID	ACID
fraction_21	session_01	J1	VOLUMRE_MOYEN ACIDE MOYEN CITRON_LEGER	ACID_LOW	ACID
fraction_21	session_01	J2	AMER_MOYEN	BITTER	BITTER
fraction_21	session_01	J3	RIEN	""	""
fraction_21	session_01	J4	MINERAL	MINERALITY	MINERALITY
fraction_21	session_01	J5	FRAICHEUR  LEGER_VOLUME  LEGERE_ASTRINGENCE	FRESH	FRESH
fraction_21	session_01	J5	FRAICHEUR  LEGER_VOLUME  LEGERE_ASTRINGENCE	VOLUME_LOW	VOLUME
fraction_21	session_01	J5	FRAICHEUR  LEGER_VOLUME  LEGERE_ASTRINGENCE	ASTRINGENT_LOW	ASTRINGENT
fraction_21	session_01	J6	VOLUME	VOLUME	VOLUME
fraction_21	session_01	J7	GRAS_MOYEN PLAT	FATTY	FATTY
fraction_21	session_01	J7	GRAS_MOYEN PLAT	""	""
fraction_21	session_01	J8	VOLUME LEGERE_AMERTUME	VOLUME	VOLUME
fraction_21	session_01	J8	VOLUME LEGERE_AMERTUME	BITTER_LOW	BITTER
fraction_21	session_01	J9	MÉTALIQUE	METALLIC	METALLIC
fraction_22	session_02	J1	GRAS AMERTUME_FAIBLE	FATTY	FATTY
fraction_22	session_02	J1	GRAS AMERTUME_FAIBLE	BITTER_LOW	BITTER
fraction_22	session_02	J10	FRUITE_FAIBLE	FRUITY_LOW	FRUITY
fraction_22	session_02	J2	AMER-TRES-LEGER	BITTER_LOW	BITTER
fraction_22	session_02	J3	AMER	BITTER	BITTER
fraction_22	session_02	J4	ACIDE SEDC	ACID	ACID
fraction_22	session_02	J4	ACIDE SEDC	ACID	ACID
fraction_22	session_02	J5	SUCRE_LEGER	SWEET_LOW	SWEET
fraction_22	session_02	J6	GRAS  VOLUME  LEGERE_ASTREINGENCE	FATTY	FATTY
fraction_22	session_02	J6	GRAS  VOLUME  LEGERE_ASTREINGENCE	VOLUME	VOLUME
fraction_22	session_02	J6	GRAS  VOLUME  LEGERE_ASTREINGENCE	ASTRINGENT_LOW	ASTRINGENT
fraction_22	session_02	J7	AMERTUME_FAIBLE VOLUME_MOYEN LACTE_MOYEN	BITTER_LOW	BITTER
fraction_22	session_02	J7	AMERTUME_FAIBLE VOLUME_MOYEN LACTE_MOYEN	VOLUME	VOLUME
fraction_22	session_02	J7	AMERTUME_FAIBLE VOLUME_MOYEN LACTE_MOYEN	FATTY	FATTY
fraction_22	session_02	J8	NEUTRE SUCRE_FAIBLE AMER_LEGER	""	""
fraction_22	session_02	J8	NEUTRE SUCRE_FAIBLE AMER_LEGER	SWEET_LOW	SWEET
fraction_22	session_02	J8	NEUTRE SUCRE_FAIBLE AMER_LEGER	BITTER_LOW	BITTER
fraction_22	session_02	J9	SUCRE_LEGER AMER_TRES_LEGER	SWEET_LOW	SWEET
fraction_22	session_02	J9	SUCRE_LEGER AMER_TRES_LEGER	BITTER_LOW	BITTER
fraction_23	session_02	J10	AMER_FAIBLE	BITTER_LOW	BITTER
fraction_23	session_02	J2	AMER-MOYEN-FORT	BITTER	BITTER
fraction_23	session_02	J3	RFAS SUCRE	FATTY	FATTY
fraction_23	session_02	J3	RFAS SUCRE	SWEET	SWEET
fraction_23	session_02	J4	SEC_ACIDE MINERAL	ACID_HIGH	ACID
fraction_23	session_02	J4	SEC_ACIDE MINERAL	MINERALITY	MINERALITY
fraction_23	session_02	J5	UMAMI_LEGER	UMAMI_LOW	UMAMI
fraction_23	session_02	J6	GRAS  LEGERE_ASTREIGENCE	FATTY	FATTY
fraction_23	session_02	J6	GRAS  LEGERE_ASTREIGENCE	ASTRINGENT_LOW	ASTRINGENT
fraction_23	session_02	J7	AMERTUME_FAIBLE VOLUME_FAIBLE LACTE_FAIBLE	BITTER_LOW	BITTER
fraction_23	session_02	J7	AMERTUME_FAIBLE VOLUME_FAIBLE LACTE_FAIBLE	VOLUME_LOW	VOLUME
fraction_23	session_02	J7	AMERTUME_FAIBLE VOLUME_FAIBLE LACTE_FAIBLE	FATTY_LOW	FATTY
fraction_23	session_02	J8	NEUTRE SUCRE_FAIBLE AMER_LEGER ASSECHANT_LEGER	""	""
fraction_23	session_02	J8	NEUTRE SUCRE_FAIBLE AMER_LEGER ASSECHANT_LEGER	SWEET_LOW	SWEET
fraction_23	session_02	J8	NEUTRE SUCRE_FAIBLE AMER_LEGER ASSECHANT_LEGER	BITTER_LOW	BITTER
fraction_23	session_02	J8	NEUTRE SUCRE_FAIBLE AMER_LEGER ASSECHANT_LEGER	ASTRINGENT_LOW	ASTRINGENT
fraction_23	session_02	J9	SUCRE_LEGER AMER_TRES_LEGER	SWEET_LOW	SWEET
fraction_23	session_02	J9	SUCRE_LEGER AMER_TRES_LEGER	BITTER_LOW	BITTER
fraction_24	session_02	J1	GRAA_MLOYEN AMERTUME_TRES_FAIBLE	FATTY	FATTY
fraction_24	session_02	J1	GRAA_MLOYEN AMERTUME_TRES_FAIBLE	BITTER_LOW	BITTER
fraction_24	session_02	J10	FRUITE_FORT	FRUITY_HIGH	FRUITY
fraction_24	session_02	J2	AMER-MOYEN-FAIBLE	BITTER_LOW	BITTER
fraction_24	session_02	J3	AMER_SUCRE	BITTERSWEET	BITTERSWEET
fraction_24	session_02	J4	ACIDE SEC	ACID	ACID
fraction_24	session_02	J4	ACIDE SEC	ACID	ACID
fraction_24	session_02	J5	ANIS SUCRE_LEGER	ANIS	ANIS
fraction_24	session_02	J5	ANIS SUCRE_LEGER	SWEET_LOW	SWEET
fraction_24	session_02	J6	GRAS  LEGERE_AMERTUME	FATTY	FATTY
fraction_24	session_02	J6	GRAS  LEGERE_AMERTUME	BITTER_LOW	BITTER
fraction_24	session_02	J7	RONDEUR_MOYEN METALLIQUE_MOYEN	MOUTHFILLING	MOUTHFILLING
fraction_24	session_02	J7	RONDEUR_MOYEN METALLIQUE_MOYEN	METALLIC	METALLIC
fraction_24	session_02	J8	NEUTRE SUCRE_FAIBLE	""	""
fraction_24	session_02	J8	NEUTRE SUCRE_FAIBLE	SWEET_LOW	SWEET
fraction_24	session_02	J9	SUCRE_LEGER AMER_LEGER	SWEET_LOW	SWEET
fraction_24	session_02	J9	SUCRE_LEGER AMER_LEGER	BITTER_LOW	BITTER
fraction_25	session_02	J1	GRAA_MLOYEN AMERTUME_TRES_FAIBLE	FATTY	FATTY
fraction_25	session_02	J1	GRAA_MLOYEN AMERTUME_TRES_FAIBLE	BITTER_LOW	BITTER
fraction_25	session_02	J10	FRUITE_MOYEN AMER_FAIBLE	FRUITY	FRUITY
fraction_25	session_02	J10	FRUITE_MOYEN AMER_FAIBLE	BITTER_LOW	BITTER
fraction_25	session_02	J2	AMER-LEGER	BITTER_LOW	BITTER
fraction_25	session_02	J3	AMER SUCRE	BITTER	BITTER
fraction_25	session_02	J3	AMER SUCRE	SWEET	SWEET
fraction_25	session_02	J4	SEC_ACIDE MINERAL	ACID_HIGH	ACID
fraction_25	session_02	J4	SEC_ACIDE MINERAL	MINERALITY	MINERALITY
fraction_25	session_02	J5	ANIS UMAMI	ANIS	ANIS
fraction_25	session_02	J5	ANIS UMAMI	UMAMI	UMAMI
fraction_25	session_02	J6	TRES_GRAS	FATTY_HIGH	FATTY
fraction_25	session_02	J7	RONDEUR_MOYEN METALLIQUE_MOYEN	MOUTHFILLING	MOUTHFILLING
fraction_25	session_02	J7	RONDEUR_MOYEN METALLIQUE_MOYEN	METALLIC	METALLIC
fraction_25	session_02	J8	NEUTRE	""	""
fraction_25	session_02	J9	SUCRE_TRES_LEGER AMER_LEGER_A_MOYEN	SWEET_LOW	SWEET
fraction_25	session_02	J9	SUCRE_TRES_LEGER AMER_LEGER_A_MOYEN	BITTER_LOW	BITTER
fraction_26	session_02	J1	GRAS_AUCUN AMERTUME_TRES_FAIBLE	BITTER_LOW	BITTER
fraction_26	session_02	J10	FRUITE_FAIBLE	FRUITY_LOW	FRUITY
fraction_26	session_02	J2	AMER-MOYEN-FAIBLE	BITTER_LOW	BITTER
fraction_26	session_02	J3	AMER	BITTER	BITTER
fraction_26	session_02	J4	AMER	BITTER	BITTER
fraction_26	session_02	J5	NEUTRE	""	""
fraction_26	session_02	J6	GHRAS	FATTY	FATTY
fraction_26	session_02	J7	AMERTUME_FAIBLE VOLUME_MOYEN	BITTER_LOW	BITTER
fraction_26	session_02	J7	AMERTUME_FAIBLE VOLUME_MOYEN	VOLUME	VOLUME
fraction_26	session_02	J8	NEUTRE SUCRE_FAIBLE AMER_LEGER	""	""
fraction_26	session_02	J8	NEUTRE SUCRE_FAIBLE AMER_LEGER	SWEET_LOW	SWEET
fraction_26	session_02	J8	NEUTRE SUCRE_FAIBLE AMER_LEGER	BITTER_LOW	BITTER
fraction_26	session_02	J9	AMER_MOYEN	BITTER	BITTER
fraction_27	session_02	J1	GRAS_AUCUN AMERTUME_TRES_FORTE	BITTER_HIGH	BITTER
fraction_27	session_02	J10	AMER_FORT FRUITE_FAIBLE	BITTER_HIGH	BITTER
fraction_27	session_02	J10	AMER_FORT FRUITE_FAIBLE	FRUITY_LOW	FRUITY
fraction_27	session_02	J2	AMER-INTENSE	BITTER_HIGH	BITTER
fraction_27	session_02	J3	AMER	BITTER	BITTER
fraction_27	session_02	J4	AMER	BITTER	BITTER
fraction_27	session_02	J5	AMER_FORT	BITTER_HIGH	BITTER
fraction_27	session_02	J6	AMER  LEGER_VOLUME	BITTER	BITTER
fraction_27	session_02	J6	AMER  LEGER_VOLUME	VOLUME_LOW	VOLUME
fraction_27	session_02	J7	AMERTUME_MOYEN BOISE_MOYEN	BITTER	BITTER
fraction_27	session_02	J7	AMERTUME_MOYEN BOISE_MOYEN	WOODY	WOODY
fraction_27	session_02	J8	AMER_TRES_FORT	BITTER_HIGH	BITTER
fraction_27	session_02	J9	AMER_TRES_TRES_FORT	BITTER_HIGH	BITTER
fraction_28	session_02	J1	GRAS AMERTUME_TRES_FORT	FATTY	FATTY
fraction_28	session_02	J1	GRAS AMERTUME_TRES_FORT	BITTER_HIGH	BITTER
fraction_28	session_02	J10	AMER_MOYEN FUITE_FAIBLE	BITTER	BITTER
fraction_28	session_02	J10	AMER_MOYEN FUITE_FAIBLE	FRUITY_LOW	FRUITY
fraction_28	session_02	J2	AMER-INTENSE	BITTER_HIGH	BITTER
fraction_28	session_02	J3	AMER_FORT	BITTER_HIGH	BITTER
fraction_28	session_02	J4	AMER	BITTER	BITTER
fraction_28	session_02	J5	AMER_FORT	BITTER_HIGH	BITTER
fraction_28	session_02	J6	AMER  LEGER_VOLUME	BITTER	BITTER
fraction_28	session_02	J6	AMER  LEGER_VOLUME	VOLUME_LOW	VOLUME
fraction_28	session_02	J7	AMERTUME_FORTE	BITTER_HIGH	BITTER
fraction_28	session_02	J8	AMER_FORT SUCRE_LEGER	BITTER_HIGH	BITTER
fraction_28	session_02	J8	AMER_FORT SUCRE_LEGER	SWEET_LOW	SWEET
fraction_28	session_02	J9	AMER_FORT	BITTER_HIGH	BITTER
fraction_29	session_02	J1	GRAS_MOYEN AMERTUME_FAIBLE	FATTY	FATTY
fraction_29	session_02	J1	GRAS_MOYEN AMERTUME_FAIBLE	BITTER_LOW	BITTER
fraction_29	session_02	J10	FRUITE_MOYEN AMER_FAIBLE	FRUITY	FRUITY
fraction_29	session_02	J10	FRUITE_MOYEN AMER_FAIBLE	BITTER_LOW	BITTER
fraction_29	session_02	J2	AMER-MOYEN-FORT	BITTER	BITTER
fraction_29	session_02	J3	AMER_SUCRE	BITTERSWEET	BITTERSWEET
fraction_29	session_02	J4	AMER ACIDE	BITTER	BITTER
fraction_29	session_02	J5	AMER_LEGER TERREUX	BITTER_LOW	BITTER
fraction_29	session_02	J5	AMER_LEGER TERREUX	EARTHY	EARTHY
fraction_29	session_02	J6	GRAS  LEGERE_ASTREINGENCE	FATTY	FATTY
fraction_29	session_02	J6	GRAS  LEGERE_ASTREINGENCE	ASTRINGENT_LOW	ASTRINGENT
fraction_29	session_02	J7	AMERTUME_FAIBLE VOLUME_FAIBLE	BITTER_LOW	BITTER
fraction_29	session_02	J7	AMERTUME_FAIBLE VOLUME_FAIBLE	VOLUME_LOW	VOLUME
fraction_29	session_02	J8	NEUTRE SUCRE_FAIBLE AMER_MOY ASSECHANT_MOY	""	""
fraction_29	session_02	J8	NEUTRE SUCRE_FAIBLE AMER_MOY ASSECHANT_MOY	SWEET_LOW	SWEET
fraction_29	session_02	J8	NEUTRE SUCRE_FAIBLE AMER_MOY ASSECHANT_MOY	BITTER	BITTER
fraction_29	session_02	J8	NEUTRE SUCRE_FAIBLE AMER_MOY ASSECHANT_MOY	ASTRINGENT	ASTRINGENT
fraction_29	session_02	J9	AMER_MOYEN_A_FORT	BITTER	BITTER
fraction_30	session_02	J1	GRAS AMERTUME_TRES_FAIBLE	FATTY	FATTY
fraction_30	session_02	J1	GRAS AMERTUME_TRES_FAIBLE	BITTER_LOW	BITTER
fraction_30	session_02	J10	AMER_FAIBLE	BITTER_LOW	BITTER
fraction_30	session_02	J2	AMER-LEGER	BITTER_LOW	BITTER
fraction_30	session_02	J3	AMER	BITTER	BITTER
fraction_30	session_02	J4	SECACIDE MINERAL	ACID_HIGH	ACID
fraction_30	session_02	J4	SECACIDE MINERAL	MINERALITY	MINERALITY
fraction_30	session_02	J5	ANIS TERREUX AMER_MOYEN	ANIS	ANIS
fraction_30	session_02	J5	ANIS TERREUX AMER_MOYEN	EARTHY	EARTHY
fraction_30	session_02	J5	ANIS TERREUX AMER_MOYEN	BITTER	BITTER
fraction_30	session_02	J6	FRAICHEUR	FRESH	FRESH
fraction_30	session_02	J7	METALLIQUE_MOYEN	METALLIC	METALLIC
fraction_30	session_02	J8	NEUTRE SUCRE_FAIBLE AMER_LEGER	""	""
fraction_30	session_02	J8	NEUTRE SUCRE_FAIBLE AMER_LEGER	SWEET_LOW	SWEET
fraction_30	session_02	J8	NEUTRE SUCRE_FAIBLE AMER_LEGER	BITTER_LOW	BITTER
fraction_31	session_02	J1	GRAS_MOYENAMERTUME_TRES_FORTE	FATTY	FATTY
fraction_31	session_02	J1	GRAS_MOYENAMERTUME_TRES_FORTE	BITTER_HIGH	BITTER
fraction_31	session_02	J10	FRUITE_FORT AMER_FORT	FRUITY_HIGH	FRUITY
fraction_31	session_02	J10	FRUITE_FORT AMER_FORT	BITTER_HIGH	BITTER
fraction_31	session_02	J2	AMER-TRES-INTENSE	BITTER_HIGH	BITTER
fraction_31	session_02	J3	AMERF_INTENSE	BITTER_HIGH	BITTER
fraction_31	session_02	J4	AMER ACIDE	BITTER	BITTER
fraction_31	session_02	J5	AMER_FORT _AUGMENTE	BITTER_HIGH	BITTER
fraction_31	session_02	J6	TRES_AMER  VOLUME	BITTER_HIGH	BITTER
fraction_31	session_02	J6	TRES_AMER  VOLUME	VOLUME	VOLUME
fraction_31	session_02	J7	AMERTUME_FORTE BOISE_FORT	BITTER_HIGH	BITTER
fraction_31	session_02	J7	AMERTUME_FORTE BOISE_FORT	WOODY_HIGH	WOODY
fraction_31	session_02	J8	AMER_TRES_FORT	BITTER_HIGH	BITTER
fraction_31	session_02	J9	AMER_FORT	BITTER_HIGH	BITTER
fraction_32	session_03	J1	AMER_FORT PERISTANT	BITTER_HIGH	BITTER
fraction_32	session_03	J10	AMER_MOY FINAL	BITTER	BITTER
fraction_32	session_03	J11	AMER_TRES_FORT APRE_SUEUR_FORT	BITTER_HIGH	BITTER
fraction_32	session_03	J11	AMER_TRES_FORT APRE_SUEUR_FORT	ACID_HIGH	ACID
fraction_32	session_03	J2	AMERTUME_FORTE GRAS_FAIBLE	BITTER_HIGH	BITTER
fraction_32	session_03	J2	AMERTUME_FORTE GRAS_FAIBLE	FATTY_LOW	FATTY
fraction_32	session_03	J3	AMER_TRES_FORT	BITTER_HIGH	BITTER
fraction_32	session_03	J4	AMER_FORT	BITTER_HIGH	BITTER
fraction_32	session_03	J5	AMER_FORT TANIN BOIS_VERT	BITTER_HIGH	BITTER
fraction_32	session_03	J5	AMER_FORT TANIN BOIS_VERT	ASTRINGENT	ASTRINGENT
fraction_32	session_03	J5	AMER_FORT TANIN BOIS_VERT	VEGETAL	VEGETAL
fraction_32	session_03	J6	AMER_FORT DEFAUT_LEGER	BITTER_HIGH	BITTER
fraction_32	session_03	J6	AMER_FORT DEFAUT_LEGER	OFFNOTE_LOW	OFFNOTE
fraction_32	session_03	J7	TRES AMERR SEC	BITTER_HIGH	BITTER
fraction_32	session_03	J8	AMER_MOYEN	BITTER	BITTER
fraction_32	session_03	J9	ASTRINGENT_LEGER	ASTRINGENT_LOW	ASTRINGENT
fraction_33	session_03	J1	AMER_FORT PERISTANT	BITTER_HIGH	BITTER
fraction_33	session_03	J10	AMER_FORT	BITTER_HIGH	BITTER
fraction_33	session_03	J11	AMER_TRES_FORT POIVRE_FORT	BITTER_HIGH	BITTER
fraction_33	session_03	J11	AMER_TRES_FORT POIVRE_FORT	PUNGENT_HIGH	PUNGENT
fraction_33	session_03	J2	ACIDITE_MOYENNE AMERTUME_FORTE GRAS_FAIBLE	ACID	ACID
fraction_33	session_03	J2	ACIDITE_MOYENNE AMERTUME_FORTE GRAS_FAIBLE	BITTER_HIGH	BITTER
fraction_33	session_03	J2	ACIDITE_MOYENNE AMERTUME_FORTE GRAS_FAIBLE	FATTY_LOW	FATTY
fraction_33	session_03	J3	AMER_FORT  CRAIE	BITTER_HIGH	BITTER
fraction_33	session_03	J3	AMER_FORT  CRAIE	MOUTHFILLING	MOUTHFILLING
fraction_33	session_03	J4	AMER_MOYEN	BITTER	BITTER
fraction_33	session_03	J5	AMERE SALE EAU_DHUITRES	BITTER	BITTER
fraction_33	session_03	J5	AMERE SALE EAU_DHUITRES	SALTY	SALTY
fraction_33	session_03	J5	AMERE SALE EAU_DHUITRES	IODINE	IODINE
fraction_33	session_03	J6	AMER_FORT DEFAUT_FORT	BITTER_HIGH	BITTER
fraction_33	session_03	J6	AMER_FORT DEFAUT_FORT	OFFNOTE_HIGH	OFFNOTE
fraction_33	session_03	J7	TRES AMER ACIDE	BITTER_HIGH	BITTER
fraction_33	session_03	J7	TRES AMER ACIDE	ACID	ACID
fraction_33	session_03	J8	AMER_FORT	BITTER_HIGH	BITTER
fraction_33	session_03	J9	AMERE ASTRINGENT	BITTER	BITTER
fraction_33	session_03	J9	AMERE ASTRINGENT	ASTRINGENT	ASTRINGENT
fraction_34	session_03	J1	AMER_FORT PERISTANT	BITTER_HIGH	BITTER
fraction_34	session_03	J10	AMER_FORT	BITTER_HIGH	BITTER
fraction_34	session_03	J2	AMERTUME_FORTE GRAS_MOYEN	BITTER_HIGH	BITTER
fraction_34	session_03	J2	AMERTUME_FORTE GRAS_MOYEN	FATTY	FATTY
fraction_34	session_03	J3	AMER_TRES_FORT	BITTER_HIGH	BITTER
fraction_34	session_03	J4	AMER_FORT	BITTER_HIGH	BITTER
fraction_34	session_03	J5	AMER_FORT TANIN BOIS_VERT	BITTER_HIGH	BITTER
fraction_34	session_03	J5	AMER_FORT TANIN BOIS_VERT	ASTRINGENT	ASTRINGENT
fraction_34	session_03	J5	AMER_FORT TANIN BOIS_VERT	VEGETAL	VEGETAL
fraction_34	session_03	J6	AMER_FORT DEFAUT_FORT	BITTER_HIGH	BITTER
fraction_34	session_03	J6	AMER_FORT DEFAUT_FORT	OFFNOTE_HIGH	OFFNOTE
fraction_34	session_03	J7	TRES AMER SEC	BITTER_HIGH	BITTER
fraction_34	session_03	J8	AMER_TRES_FORT ENCAUSTIQUE	BITTER_HIGH	BITTER
fraction_34	session_03	J8	AMER_TRES_FORT ENCAUSTIQUE	CHEMICAL	CHEMICAL
fraction_34	session_03	J9	ASTRINGENT_LEGER	ASTRINGENT_LOW	ASTRINGENT
fraction_35	session_03	J1	AMER_FORT PERISTANT	BITTER_HIGH	BITTER
fraction_35	session_03	J10	AMER_FORT	BITTER_HIGH	BITTER
fraction_35	session_03	J11	AMER_TRES_FORT APRE_SUEUR_FORT	BITTER_HIGH	BITTER
fraction_35	session_03	J11	AMER_TRES_FORT APRE_SUEUR_FORT	ACID_HIGH	ACID
fraction_35	session_03	J2	AMERTUME_MOYENNE GRAS_FAIBLE	BITTER	BITTER
fraction_35	session_03	J2	AMERTUME_MOYENNE GRAS_FAIBLE	FATTY_LOW	FATTY
fraction_35	session_03	J3	AMER_FORT  CRAIE	BITTER_HIGH	BITTER
fraction_35	session_03	J3	AMER_FORT  CRAIE	MOUTHFILLING	MOUTHFILLING
fraction_35	session_03	J4	AMER_FORT	BITTER_HIGH	BITTER
fraction_35	session_03	J5	AMER_FORT TANIN BOIS_VERT	BITTER_HIGH	BITTER
fraction_35	session_03	J5	AMER_FORT TANIN BOIS_VERT	ASTRINGENT	ASTRINGENT
fraction_35	session_03	J5	AMER_FORT TANIN BOIS_VERT	VEGETAL	VEGETAL
fraction_35	session_03	J6	AMER_FORT DEFAUT_FORT	BITTER_HIGH	BITTER
fraction_35	session_03	J6	AMER_FORT DEFAUT_FORT	OFFNOTE_HIGH	OFFNOTE
fraction_35	session_03	J7	TRES AMER ACIDE	BITTER_HIGH	BITTER
fraction_35	session_03	J7	TRES AMER ACIDE	ACID	ACID
fraction_35	session_03	J8	AMER_FORT SALIVANT	BITTER_HIGH	BITTER
fraction_35	session_03	J8	AMER_FORT SALIVANT	MOUTHFILLING	MOUTHFILLING
fraction_35	session_03	J9	AMERE ASTRINGENT	BITTER	BITTER
fraction_35	session_03	J9	AMERE ASTRINGENT	ASTRINGENT	ASTRINGENT
fraction_36	session_03	J1	ACIDE	ACID	ACID
fraction_36	session_03	J10	AMER_MOY FINAL	BITTER	BITTER
fraction_36	session_03	J11	AMER_LEGER APRE_SUEUR_MOYEN	BITTER_LOW	BITTER
fraction_36	session_03	J11	AMER_LEGER APRE_SUEUR_MOYEN	ACID	ACID
fraction_36	session_03	J2	AMERTUME_FORTE GRAS_MOYEN	BITTER_HIGH	BITTER
fraction_36	session_03	J2	AMERTUME_FORTE GRAS_MOYEN	FATTY	FATTY
fraction_36	session_03	J3	AMER_FORT  CRAIE	BITTER_HIGH	BITTER
fraction_36	session_03	J3	AMER_FORT  CRAIE	MOUTHFILLING	MOUTHFILLING
fraction_36	session_03	J4	AMER_MOYEN GRAS SUCRRE_LEGER	BITTER	BITTER
fraction_36	session_03	J4	AMER_MOYEN GRAS SUCRRE_LEGER	FATTY	FATTY
fraction_36	session_03	J4	AMER_MOYEN GRAS SUCRRE_LEGER	SWEET_LOW	SWEET
fraction_36	session_03	J5	AMERE SALE EAU_DHUITRES	BITTER	BITTER
fraction_36	session_03	J5	AMERE SALE EAU_DHUITRES	SALTY	SALTY
fraction_36	session_03	J5	AMERE SALE EAU_DHUITRES	IODINE	IODINE
fraction_36	session_03	J7	AMER COLLANT	BITTER	BITTER
fraction_36	session_03	J7	AMER COLLANT	MOUTHFILLING	MOUTHFILLING
fraction_36	session_03	J8	AMER_LEGER ENCAUSTIQUE_EN_ATTAQUE	BITTER_LOW	BITTER
fraction_36	session_03	J8	AMER_LEGER ENCAUSTIQUE_EN_ATTAQUE	CHEMICAL	CHEMICAL
fraction_36	session_03	J9	VOLUME COLLANT	VOLUME	VOLUME
fraction_36	session_03	J9	VOLUME COLLANT	MOUTHFILLING	MOUTHFILLING
fraction_37	session_03	J1	ACIDE	ACID	ACID
fraction_37	session_03	J10	NEUTRE GRAS	""	""
fraction_37	session_03	J10	NEUTRE GRAS	FATTY	FATTY
fraction_37	session_03	J11	AMER_MOYEN APRE_SUEUR_LEGER	BITTER	BITTER
fraction_37	session_03	J11	AMER_MOYEN APRE_SUEUR_LEGER	ACID_LOW	ACID
fraction_37	session_03	J2	AMERTUME_FAIBLE GRAS_MOYEN	BITTER_LOW	BITTER
fraction_37	session_03	J2	AMERTUME_FAIBLE GRAS_MOYEN	FATTY	FATTY
fraction_37	session_03	J3	AMER_LEGER  CRAIE	BITTER_LOW	BITTER
fraction_37	session_03	J3	AMER_LEGER  CRAIE	MOUTHFILLING	MOUTHFILLING
fraction_37	session_03	J4	AMER_MOYEN GRAS SUCRRE_LEGER	BITTER	BITTER
fraction_37	session_03	J4	AMER_MOYEN GRAS SUCRRE_LEGER	FATTY	FATTY
fraction_37	session_03	J4	AMER_MOYEN GRAS SUCRRE_LEGER	SWEET_LOW	SWEET
fraction_37	session_03	J5	AMER_LEGE	BITTER_LOW	BITTER
fraction_37	session_03	J6	DEFAUT_LEGER	OFFNOTE_LOW	OFFNOTE
fraction_37	session_03	J7	AMER COLLANT	BITTER	BITTER
fraction_37	session_03	J7	AMER COLLANT	MOUTHFILLING	MOUTHFILLING
fraction_37	session_03	J8	ENCAUSTIQUE	CHEMICAL	CHEMICAL
fraction_37	session_03	J9	AMERTUME_LEGER	BITTER_LOW	BITTER
fraction_38	session_03	J1	ACIDE	ACID	ACID
fraction_38	session_03	J10	NEUTRE GRAS	""	""
fraction_38	session_03	J10	NEUTRE GRAS	FATTY	FATTY
fraction_38	session_03	J11	AMER_LEGER APRE_SUEUR_MOYEN	BITTER_LOW	BITTER
fraction_38	session_03	J11	AMER_LEGER APRE_SUEUR_MOYEN	ACID	ACID
fraction_38	session_03	J2	AMERTUME_FAIBLE GRAS_FAIBLE	BITTER_LOW	BITTER
fraction_38	session_03	J2	AMERTUME_FAIBLE GRAS_FAIBLE	FATTY_LOW	FATTY
fraction_38	session_03	J3	AMER_LEGER  CRAIE	BITTER_LOW	BITTER
fraction_38	session_03	J3	AMER_LEGER  CRAIE	MOUTHFILLING	MOUTHFILLING
fraction_38	session_03	J4	AMER_MOYEN	BITTER	BITTER
fraction_38	session_03	J5	AMER_LEGE	BITTER_LOW	BITTER
fraction_38	session_03	J6	DEFAUT_LEGER	OFFNOTE_LOW	OFFNOTE
fraction_38	session_03	J7	TRES AMER SEC	BITTER_HIGH	BITTER
fraction_38	session_03	J8	GRAS ENCAUSTIQUE_LEGER	FATTY	FATTY
fraction_38	session_03	J8	GRAS ENCAUSTIQUE_LEGER	CHEMICAL_LOW	CHEMICAL
fraction_38	session_03	J9	AMERTUME_LEGER	BITTER_LOW	BITTER
fraction_39	session_03	J1	ACIDE	ACID	ACID
fraction_39	session_03	J10	NEUTRE GRAS	""	""
fraction_39	session_03	J10	NEUTRE GRAS	FATTY	FATTY
fraction_39	session_03	J11	AMER_LEGER CRAIE_LEGER	BITTER_LOW	BITTER
fraction_39	session_03	J11	AMER_LEGER CRAIE_LEGER	MOUTHFILLING_LOW	MOUTHFILLING
fraction_39	session_03	J2	ACIDITE_LEGERE AMERTUME_FAIBLE GRAS_FAIBLE	ACID_LOW	ACID
fraction_39	session_03	J2	ACIDITE_LEGERE AMERTUME_FAIBLE GRAS_FAIBLE	BITTER_LOW	BITTER
fraction_39	session_03	J2	ACIDITE_LEGERE AMERTUME_FAIBLE GRAS_FAIBLE	FATTY_LOW	FATTY
fraction_39	session_03	J3	CRAIE  AMER_TRRES_LEGER	MOUTHFILLING	MOUTHFILLING
fraction_39	session_03	J3	CRAIE  AMER_TRRES_LEGER	BITTER_LOW	BITTER
fraction_39	session_03	J4	AMER_MOYEN GRAS SUCRRE_LEGER	BITTER	BITTER
fraction_39	session_03	J4	AMER_MOYEN GRAS SUCRRE_LEGER	FATTY	FATTY
fraction_39	session_03	J4	AMER_MOYEN GRAS SUCRRE_LEGER	SWEET_LOW	SWEET
fraction_39	session_03	J5	AMERE SALE EAU_DHUITRES	BITTER	BITTER
fraction_39	session_03	J5	AMERE SALE EAU_DHUITRES	SALTY	SALTY
fraction_39	session_03	J5	AMERE SALE EAU_DHUITRES	IODINE	IODINE
fraction_39	session_03	J7	MINERAL	MINERALITY	MINERALITY
fraction_39	session_03	J8	UMAMI	UMAMI	UMAMI
fraction_39	session_03	J9	VOLUME COLLANT	VOLUME	VOLUME
fraction_39	session_03	J9	VOLUME COLLANT	MOUTHFILLING	MOUTHFILLING
fraction_40	session_04	J1	VOLUME_FORT PIOQUANT AMER_FORT	VOLUME_HIGH	VOLUME
fraction_40	session_04	J1	VOLUME_FORT PIOQUANT AMER_FORT	PUNGENT	PUNGENT
fraction_40	session_04	J1	VOLUME_FORT PIOQUANT AMER_FORT	BITTER_HIGH	BITTER
fraction_40	session_04	J10	AMERTUME_FORTE	BITTER_HIGH	BITTER
fraction_40	session_04	J11	AMER_TRES_FORT ASRINGENT_FORT	BITTER_HIGH	BITTER
fraction_40	session_04	J11	AMER_TRES_FORT ASRINGENT_FORT	ASTRINGENT_HIGH	ASTRINGENT
fraction_40	session_04	J2	GRAS_FAIBLE AMERTUME_TRE_TRES_FORTE	FATTY_LOW	FATTY
fraction_40	session_04	J2	GRAS_FAIBLE AMERTUME_TRE_TRES_FORTE	BITTER_HIGH	BITTER
fraction_40	session_04	J3	AMERTUME_TRES_FORTE	BITTER_HIGH	BITTER
fraction_40	session_04	J4	AMNER_LEGER SUCRE	BITTER_LOW	BITTER
fraction_40	session_04	J4	AMNER_LEGER SUCRE	SWEET	SWEET
fraction_40	session_04	J5	AMERTUME_TRES_FORTE	BITTER_HIGH	BITTER
fraction_40	session_04	J6	TRES AMER ECHARD	BITTER_HIGH	BITTER
fraction_40	session_04	J6	TRES AMER ECHARD	ACID	ACID
fraction_40	session_04	J7	AMER_FORT	BITTER_HIGH	BITTER
fraction_40	session_04	J8	AMER	BITTER	BITTER
fraction_40	session_04	J9	ASTRINGENT  TRES_AMER	ASTRINGENT	ASTRINGENT
fraction_40	session_04	J9	ASTRINGENT  TRES_AMER	BITTER_HIGH	BITTER
fraction_41	session_04	J1	VOLUME_FORT PIOQUANT AMER_FORT	VOLUME_HIGH	VOLUME
fraction_41	session_04	J1	VOLUME_FORT PIOQUANT AMER_FORT	PUNGENT	PUNGENT
fraction_41	session_04	J1	VOLUME_FORT PIOQUANT AMER_FORT	BITTER_HIGH	BITTER
fraction_41	session_04	J10	AMERTUME_MOYENNE	BITTER	BITTER
fraction_41	session_04	J11	AMER_FORT ASTRINGENT_MOYEN_A_FORT	BITTER_HIGH	BITTER
fraction_41	session_04	J11	AMER_FORT ASTRINGENT_MOYEN_A_FORT	ASTRINGENT	ASTRINGENT
fraction_41	session_04	J2	GRAS_FAIBLE AMERTUME_TRES_FORTE	FATTY_LOW	FATTY
fraction_41	session_04	J2	GRAS_FAIBLE AMERTUME_TRES_FORTE	BITTER_HIGH	BITTER
fraction_41	session_04	J3	AMERTUME_MOYENNE_IFORTE	BITTER	BITTER
fraction_41	session_04	J4	AMER_MOYEN BOISE	BITTER	BITTER
fraction_41	session_04	J4	AMER_MOYEN BOISE	WOODY	WOODY
fraction_41	session_04	J5	AMERTUME_MOYENNE	BITTER	BITTER
fraction_41	session_04	J6	TRFES AMER ACIDE	BITTER_HIGH	BITTER
fraction_41	session_04	J6	TRFES AMER ACIDE	ACID	ACID
fraction_41	session_04	J7	AMER	BITTER	BITTER
fraction_41	session_04	J8	AMER	BITTER	BITTER
fraction_41	session_04	J9	LEGER_AMER_VEGETAL  LEGER_GRAS	BITTER_LOW	BITTER
fraction_41	session_04	J9	LEGER_AMER_VEGETAL  LEGER_GRAS	VEGETAL	VEGETAL
fraction_41	session_04	J9	LEGER_AMER_VEGETAL  LEGER_GRAS	FATTY_LOW	FATTY
fraction_42	session_04	J1	VOLUME_FORT PIOQUANT AMER_FORT	VOLUME_HIGH	VOLUME
fraction_42	session_04	J1	VOLUME_FORT PIOQUANT AMER_FORT	PUNGENT	PUNGENT
fraction_42	session_04	J1	VOLUME_FORT PIOQUANT AMER_FORT	BITTER_HIGH	BITTER
fraction_42	session_04	J10	SUCRE_MOYEN AMERTUME_LEGER	SWEET	SWEET
fraction_42	session_04	J10	SUCRE_MOYEN AMERTUME_LEGER	BITTER_LOW	BITTER
fraction_42	session_04	J11	AMER_MOYEN_A_FORT PAPIER_MOUILLE_LEGER	BITTER	BITTER
fraction_42	session_04	J11	AMER_MOYEN_A_FORT PAPIER_MOUILLE_LEGER	CARTON_LOW	CARTON
fraction_42	session_04	J2	GRAS_FAIBLE AMERTUME_FORTE	FATTY_LOW	FATTY
fraction_42	session_04	J2	GRAS_FAIBLE AMERTUME_FORTE	BITTER_HIGH	BITTER
fraction_42	session_04	J3	AMERTUME_FORTE	BITTER_HIGH	BITTER
fraction_42	session_04	J4	AMNER_LEGER SUCRE	BITTER_LOW	BITTER
fraction_42	session_04	J4	AMNER_LEGER SUCRE	SWEET	SWEET
fraction_42	session_04	J5	AMERTUME_FORTE	BITTER_HIGH	BITTER
fraction_42	session_04	J6	TRES AMER ACIDE	BITTER_HIGH	BITTER
fraction_42	session_04	J6	TRES AMER ACIDE	ACID	ACID
fraction_42	session_04	J7	AMER_MOYEN	BITTER	BITTER
fraction_42	session_04	J8	GLISSANT GRAS	MOUTHFILLING	MOUTHFILLING
fraction_42	session_04	J8	GLISSANT GRAS	FATTY	FATTY
fraction_42	session_04	J9	TRES_AMER  TENDU	BITTER_HIGH	BITTER
fraction_42	session_04	J9	TRES_AMER  TENDU	ACID	ACID
fraction_43	session_04	J1	VOLUME_FORT ACIDITE_LEGERE AMER_MOYEN	VOLUME_HIGH	VOLUME
fraction_43	session_04	J1	VOLUME_FORT ACIDITE_LEGERE AMER_MOYEN	ACID_LOW	ACID
fraction_43	session_04	J1	VOLUME_FORT ACIDITE_LEGERE AMER_MOYEN	BITTER	BITTER
fraction_43	session_04	J10	SUCRE_LEGER AMERTUME_LEGER	SWEET_LOW	SWEET
fraction_43	session_04	J10	SUCRE_LEGER AMERTUME_LEGER	BITTER_LOW	BITTER
fraction_43	session_04	J11	AMER_MOYEN_A_FORT PAPIER_MOUILLE_LEGER	BITTER	BITTER
fraction_43	session_04	J11	AMER_MOYEN_A_FORT PAPIER_MOUILLE_LEGER	CARTON_LOW	CARTON
fraction_43	session_04	J2	GRAS_MOYEN AMERTUME_FAIBLE FRAIKCHEUJR	FATTY	FATTY
fraction_43	session_04	J2	GRAS_MOYEN AMERTUME_FAIBLE FRAIKCHEUJR	BITTER_LOW	BITTER
fraction_43	session_04	J2	GRAS_MOYEN AMERTUME_FAIBLE FRAIKCHEUJR	FRESH	FRESH
fraction_43	session_04	J3	AMERTUME_MOYENNE_LEGERE	BITTER	BITTER
fraction_43	session_04	J4	AMER_MOYEN	BITTER	BITTER
fraction_43	session_04	J5	AMERTUME_MOYENNE	BITTER	BITTER
fraction_43	session_04	J6	TRES AMR SECHARD	BITTER_HIGH	BITTER
fraction_43	session_04	J6	TRES AMR SECHARD	ACID	ACID
fraction_43	session_04	J7	AMER_FAIBLE	BITTER_LOW	BITTER
fraction_43	session_04	J8	GRAS LISSE	FATTY	FATTY
fraction_43	session_04	J8	GRAS LISSE	MOUTHFILLING	MOUTHFILLING
fraction_43	session_04	J9	AMER  TENDU	BITTER	BITTER
fraction_43	session_04	J9	AMER  TENDU	ACID	ACID
fraction_44	session_04	J1	VOLUME_MOYEN ACIDITE_LEGERE AMER_LEGER	VOLUME	VOLUME
fraction_44	session_04	J1	VOLUME_MOYEN ACIDITE_LEGERE AMER_LEGER	ACID_LOW	ACID
fraction_44	session_04	J1	VOLUME_MOYEN ACIDITE_LEGERE AMER_LEGER	BITTER_LOW	BITTER
fraction_44	session_04	J10	SUCRE_LEGER AMERTUME_LEGER	SWEET_LOW	SWEET
fraction_44	session_04	J10	SUCRE_LEGER AMERTUME_LEGER	BITTER_LOW	BITTER
fraction_44	session_04	J11	AMER_LEGER PAPIER_MOUILLE LEGER	BITTER_LOW	BITTER
fraction_44	session_04	J11	AMER_LEGER PAPIER_MOUILLE LEGER	CARTON_LOW	CARTON
fraction_44	session_04	J2	GRFAS_MOYEN AMERTUME_FAIBLE	FATTY	FATTY
fraction_44	session_04	J2	GRFAS_MOYEN AMERTUME_FAIBLE	BITTER_LOW	BITTER
fraction_44	session_04	J3	AMERTUME_MOYENNE_IFORTE	BITTER	BITTER
fraction_44	session_04	J4	AMNER_LEGER SUCRE	BITTER_LOW	BITTER
fraction_44	session_04	J4	AMNER_LEGER SUCRE	SWEET	SWEET
fraction_44	session_04	J5	AMERTUME_LEGERE	BITTER_LOW	BITTER
fraction_44	session_04	J6	AMER	BITTER	BITTER
fraction_44	session_04	J7	AMER_PEU GRAS	BITTER_LOW	BITTER
fraction_44	session_04	J7	AMER_PEU GRAS	FATTY	FATTY
fraction_44	session_04	J8	GLISSANT GRAS	MOUTHFILLING	MOUTHFILLING
fraction_44	session_04	J8	GLISSANT GRAS	FATTY	FATTY
fraction_44	session_04	J9	LEGER_AMER_VEGETAL  LEGER GRAS	BITTER_LOW	BITTER
fraction_44	session_04	J9	LEGER_AMER_VEGETAL  LEGER GRAS	VEGETAL	VEGETAL
fraction_44	session_04	J9	LEGER_AMER_VEGETAL  LEGER GRAS	FATTY_LOW	FATTY
fraction_45	session_04	J1	VOLUME_MOYEN ACIDITE_LEGERE AMER_LEGER	VOLUME	VOLUME
fraction_45	session_04	J1	VOLUME_MOYEN ACIDITE_LEGERE AMER_LEGER	ACID_LOW	ACID
fraction_45	session_04	J1	VOLUME_MOYEN ACIDITE_LEGERE AMER_LEGER	BITTER_LOW	BITTER
fraction_45	session_04	J10	AMERTUME_LEGER	BITTER_LOW	BITTER
fraction_45	session_04	J11	AMER_LEGER_A_MOYEN PAPIER_MOUILLE_LEGER	BITTER_LOW	BITTER
fraction_45	session_04	J11	AMER_LEGER_A_MOYEN PAPIER_MOUILLE_LEGER	CARTON_LOW	CARTON
fraction_45	session_04	J2	GRAS_MOYEN AMERTUME_FAIBLE FRAIKCHEUJR	FATTY	FATTY
fraction_45	session_04	J2	GRAS_MOYEN AMERTUME_FAIBLE FRAIKCHEUJR	BITTER_LOW	BITTER
fraction_45	session_04	J2	GRAS_MOYEN AMERTUME_FAIBLE FRAIKCHEUJR	FRESH	FRESH
fraction_45	session_04	J3	AMERTUME_ASSEZ_LEGERE	BITTER_LOW	BITTER
fraction_45	session_04	J4	AMER_LEGER	BITTER_LOW	BITTER
fraction_45	session_04	J5	AMERTUME_LEGERE	BITTER_LOW	BITTER
fraction_45	session_04	J6	AMERF	BITTER	BITTER
fraction_45	session_04	J7	GRAS	FATTY	FATTY
fraction_45	session_04	J8	GRAS DOUCEREUX	FATTY	FATTY
fraction_45	session_04	J8	GRAS DOUCEREUX	SWEET	SWEET
fraction_45	session_04	J9	FRAIS  TENDU  PAS_AMER	FRESH	FRESH
fraction_45	session_04	J9	FRAIS  TENDU  PAS_AMER	ACID	ACID
fraction_46	session_05	J1	ACIDE_FORT VOLUME_PLUS	ACID_HIGH	ACID
fraction_46	session_05	J1	ACIDE_FORT VOLUME_PLUS	VOLUME_HIGH	VOLUME
fraction_46	session_05	J10	VOLUME  ASTINGENCE	VOLUME	VOLUME
fraction_46	session_05	J10	VOLUME  ASTINGENCE	ASTRINGENT	ASTRINGENT
fraction_46	session_05	J11	DOUX	SWEET	SWEET
fraction_46	session_05	J13	GRAS_FAIBLE SUCRE_MOY	FATTY_LOW	FATTY
fraction_46	session_05	J13	GRAS_FAIBLE SUCRE_MOY	SWEET	SWEET
fraction_46	session_05	J2	GRAS_MOYEN PIQUANT_FAIBLE	FATTY	FATTY
fraction_46	session_05	J2	GRAS_MOYEN PIQUANT_FAIBLE	PUNGENT_LOW	PUNGENT
fraction_46	session_05	J3	CRAIE-PONONCEE  AMER-PRONONCE	MOUTHFILLING_HIGH	MOUTHFILLING
fraction_46	session_05	J3	CRAIE-PONONCEE  AMER-PRONONCE	BITTER_HIGH	BITTER
fraction_46	session_05	J4	AMER_LEGER	BITTER_LOW	BITTER
fraction_46	session_05	J5	HUILEUX FRAIS AMER	FATTY	FATTY
fraction_46	session_05	J5	HUILEUX FRAIS AMER	FRESH	FRESH
fraction_46	session_05	J5	HUILEUX FRAIS AMER	BITTER	BITTER
fraction_46	session_05	J6	SENSATION_DE BOUCHE_ENROBEE_TERRE DE SILICE_MOYEN	MOUTHFILLING	MOUTHFILLING
fraction_46	session_05	J8	AMER ACIDE	BITTER	BITTER
fraction_46	session_05	J9	NEUTRE	""	""
fraction_47	session_05	J1	ACIDE_FORT VOLUME_FAIBLE	ACID_HIGH	ACID
fraction_47	session_05	J1	ACIDE_FORT VOLUME_FAIBLE	VOLUME_LOW	VOLUME
fraction_47	session_05	J10	LEGER _VOLUME   LEGER_STRINGENCE	VOLUME_LOW	VOLUME
fraction_47	session_05	J10	LEGER _VOLUME   LEGER_STRINGENCE	ASTRINGENT_LOW	ASTRINGENT
fraction_47	session_05	J11	AMERE VOLUME	BITTER	BITTER
fraction_47	session_05	J11	AMERE VOLUME	VOLUME	VOLUME
fraction_47	session_05	J13	NEUTRE	""	""
fraction_47	session_05	J2	GRAS_FORT AMERTUME_FAIBLE	FATTY_HIGH	FATTY
fraction_47	session_05	J2	GRAS_FORT AMERTUME_FAIBLE	BITTER_LOW	BITTER
fraction_47	session_05	J3	CRAIE-MOYEN  AMER-MOYEN	MOUTHFILLING	MOUTHFILLING
fraction_47	session_05	J3	CRAIE-MOYEN  AMER-MOYEN	BITTER	BITTER
fraction_47	session_05	J4	AMER_MOYEN GRAS	BITTER	BITTER
fraction_47	session_05	J4	AMER_MOYEN GRAS	FATTY	FATTY
fraction_47	session_05	J5	HUILEUX FRAIS AMER	FATTY	FATTY
fraction_47	session_05	J5	HUILEUX FRAIS AMER	FRESH	FRESH
fraction_47	session_05	J5	HUILEUX FRAIS AMER	BITTER	BITTER
fraction_47	session_05	J6	SENSATION_DE BOUCHE_ENROBEE_TERRE DE SILICE_FORT	MOUTHFILLING_HIGH	MOUTHFILLING
fraction_47	session_05	J8	AMER SEC	BITTER	BITTER
fraction_47	session_05	J8	AMER SEC	ACID	ACID
fraction_47	session_05	J9	UMAMI_LEGER	UMAMI_LOW	UMAMI
fraction_48	session_05	J1	ACIDE_MOYEN VOLUME_MOYEN	ACID	ACID
fraction_48	session_05	J1	ACIDE_MOYEN VOLUME_MOYEN	VOLUME	VOLUME
fraction_48	session_05	J10	PEU_DE_VOLUME  ASTRINGENCE	VOLUME_LOW	VOLUME
fraction_48	session_05	J10	PEU_DE_VOLUME  ASTRINGENCE	ASTRINGENT	ASTRINGENT
fraction_48	session_05	J11	AMERE	BITTER	BITTER
fraction_48	session_05	J13	NEUTRE ASSECHANT_MOY	""	""
fraction_48	session_05	J13	NEUTRE ASSECHANT_MOY	ASTRINGENT	ASTRINGENT
fraction_48	session_05	J2	GRAS_MLOYEN AMERTUME_MLOYENNE	FATTY	FATTY
fraction_48	session_05	J2	GRAS_MLOYEN AMERTUME_MLOYENNE	BITTER	BITTER
fraction_48	session_05	J3	CRAIE-PONONCEE  AMER-PRONONCE	MOUTHFILLING_HIGH	MOUTHFILLING
fraction_48	session_05	J3	CRAIE-PONONCEE  AMER-PRONONCE	BITTER_HIGH	BITTER
fraction_48	session_05	J4	AMER_MOYEN GRAS	BITTER	BITTER
fraction_48	session_05	J4	AMER_MOYEN GRAS	FATTY	FATTY
fraction_48	session_05	J5	HUILEUX FRAIS AMER	FATTY	FATTY
fraction_48	session_05	J5	HUILEUX FRAIS AMER	FRESH	FRESH
fraction_48	session_05	J5	HUILEUX FRAIS AMER	BITTER	BITTER
fraction_48	session_05	J6	SENSATION_DE BOUCHE_ENROBEE_TERRE DE SILICE_MOYEN	MOUTHFILLING	MOUTHFILLING
fraction_48	session_05	J8	AMER SEC	BITTER	BITTER
fraction_48	session_05	J8	AMER SEC	ACID	ACID
fraction_48	session_05	J9	VOLUME_LEGER UMAMI_LEGER	VOLUME_LOW	VOLUME
fraction_48	session_05	J9	VOLUME_LEGER UMAMI_LEGER	UMAMI_LOW	UMAMI
fraction_50	session_05	J1	ACIDE_FORT VOLUME_FAIBLE	ACID_HIGH	ACID
fraction_50	session_05	J1	ACIDE_FORT VOLUME_FAIBLE	VOLUME_LOW	VOLUME
fraction_50	session_05	J10	FRAICHEUR  PAS DE VOLUME	FRESH	FRESH
fraction_50	session_05	J11	AMERE	BITTER	BITTER
fraction_50	session_05	J13	NEUTRE	""	""
fraction_50	session_05	J2	GRAS_FAIBLE AMEERTUME_FAIBLE	FATTY_LOW	FATTY
fraction_50	session_05	J2	GRAS_FAIBLE AMEERTUME_FAIBLE	BITTER_LOW	BITTER
fraction_50	session_05	J3	CRAIE-LEGER  AMER-LEGER	MOUTHFILLING_LOW	MOUTHFILLING
fraction_50	session_05	J3	CRAIE-LEGER  AMER-LEGER	BITTER_LOW	BITTER
fraction_50	session_05	J4	AMER_FASIBLE	BITTER_LOW	BITTER
fraction_50	session_05	J5	HUILEUX FRAIS ACIDE	FATTY	FATTY
fraction_50	session_05	J5	HUILEUX FRAIS ACIDE	FRESH	FRESH
fraction_50	session_05	J5	HUILEUX FRAIS ACIDE	ACID	ACID
fraction_50	session_05	J6	SENSATION_DE BOUCHE_ENROBEE_TERRE DE SILICE_MOYEN	MOUTHFILLING	MOUTHFILLING
fraction_50	session_05	J8	AMER ACIDE	BITTER	BITTER
fraction_50	session_05	J9	AMER_TRES_LEGER	BITTER_LOW	BITTER
fraction_51	session_05	J1	ACIDE_MOYEN VOLUME_MOYEN	ACID	ACID
fraction_51	session_05	J1	ACIDE_MOYEN VOLUME_MOYEN	VOLUME	VOLUME
fraction_51	session_05	J10	LEGER_VOLUME  LEGER_STRINGENCE	VOLUME_LOW	VOLUME
fraction_51	session_05	J10	LEGER_VOLUME  LEGER_STRINGENCE	ASTRINGENT_LOW	ASTRINGENT
fraction_51	session_05	J11	AMERE VOLUME	BITTER	BITTER
fraction_51	session_05	J11	AMERE VOLUME	VOLUME	VOLUME
fraction_51	session_05	J13	NEUTRE ASSECHANT_FAIBLE	""	""
fraction_51	session_05	J13	NEUTRE ASSECHANT_FAIBLE	ASTRINGENT_LOW	ASTRINGENT
fraction_51	session_05	J3	CRAIE-LEGER  AMER-LEGER	MOUTHFILLING_LOW	MOUTHFILLING
fraction_51	session_05	J3	CRAIE-LEGER  AMER-LEGER	BITTER_LOW	BITTER
fraction_51	session_05	J4	AMER_FASIBLE	BITTER_LOW	BITTER
fraction_51	session_05	J5	HUILEUX FRAIS ACIDE	FATTY	FATTY
fraction_51	session_05	J5	HUILEUX FRAIS ACIDE	FRESH	FRESH
fraction_51	session_05	J5	HUILEUX FRAIS ACIDE	ACID	ACID
fraction_51	session_05	J6	SENSATION_DE BOUCHE_ENROBEE_TERRE DE SILICE_FORT	MOUTHFILLING_HIGH	MOUTHFILLING
fraction_51	session_05	J8	SEDC TANIQUE	ACID	ACID
fraction_51	session_05	J8	SEDC TANIQUE	ASTRINGENT	ASTRINGENT
fraction_51	session_05	J9	AMER_FAIBLE	BITTER_LOW	BITTER
fraction_52	session_05	J1	ACIDE_FORT VOLUME_PLUS	ACID_HIGH	ACID
fraction_52	session_05	J1	ACIDE_FORT VOLUME_PLUS	VOLUME_HIGH	VOLUME
fraction_52	session_05	J10	PEU_DE_VOLUME  ASTINGENCE	VOLUME_LOW	VOLUME
fraction_52	session_05	J10	PEU_DE_VOLUME  ASTINGENCE	ASTRINGENT	ASTRINGENT
fraction_52	session_05	J11	AMERE VOLUME	BITTER	BITTER
fraction_52	session_05	J11	AMERE VOLUME	VOLUME	VOLUME
fraction_52	session_05	J13	SUCRE_FAIBLE	SWEET_LOW	SWEET
fraction_52	session_05	J2	GRAS_MOYEN AMERTUME_FAIBLE SALINITE_FAIBLE	FATTY	FATTY
fraction_52	session_05	J2	GRAS_MOYEN AMERTUME_FAIBLE SALINITE_FAIBLE	BITTER_LOW	BITTER
fraction_52	session_05	J2	GRAS_MOYEN AMERTUME_FAIBLE SALINITE_FAIBLE	SALTY_LOW	SALTY
fraction_52	session_05	J3	CRAIE-PONONCEE  AMER-PRONONCE	MOUTHFILLING_HIGH	MOUTHFILLING
fraction_52	session_05	J3	CRAIE-PONONCEE  AMER-PRONONCE	BITTER_HIGH	BITTER
fraction_52	session_05	J4	AMER_LEGER SUCRE	BITTER_LOW	BITTER
fraction_52	session_05	J4	AMER_LEGER SUCRE	SWEET	SWEET
fraction_52	session_05	J5	HUILEUX FRAIS ACIDE	FATTY	FATTY
fraction_52	session_05	J5	HUILEUX FRAIS ACIDE	FRESH	FRESH
fraction_52	session_05	J5	HUILEUX FRAIS ACIDE	ACID	ACID
fraction_52	session_05	J6	SENSATION_DE BOUCHE_ENROBEE_TERRE DE SILICE_MOYEN	MOUTHFILLING	MOUTHFILLING
fraction_52	session_05	J8	AMER ACIDE	BITTER	BITTER
fraction_52	session_05	J9	NEUTRE	""	""
fraction_53	session_05	J1	ACIDE_MOYEN VOLUME_MOYEN	ACID	ACID
fraction_53	session_05	J1	ACIDE_MOYEN VOLUME_MOYEN	VOLUME	VOLUME
fraction_53	session_05	J10	ASTRINGENT	ASTRINGENT	ASTRINGENT
fraction_53	session_05	J11	DOUX	SWEET	SWEET
fraction_53	session_05	J13	NEUTRE ASSECHANT_MOY	""	""
fraction_53	session_05	J13	NEUTRE ASSECHANT_MOY	ASTRINGENT	ASTRINGENT
fraction_53	session_05	J2	GRAS_FASIBLE AMERTUME_FAIBLE ACIDITE_FAIBLE	FATTY_LOW	FATTY
fraction_53	session_05	J2	GRAS_FASIBLE AMERTUME_FAIBLE ACIDITE_FAIBLE	BITTER_LOW	BITTER
fraction_53	session_05	J2	GRAS_FASIBLE AMERTUME_FAIBLE ACIDITE_FAIBLE	ACID_LOW	ACID
fraction_53	session_05	J3	CRAIE-MOYEN  AMER-MOYEN	MOUTHFILLING	MOUTHFILLING
fraction_53	session_05	J3	CRAIE-MOYEN  AMER-MOYEN	BITTER	BITTER
fraction_53	session_05	J4	AMER_LEGER	BITTER_LOW	BITTER
fraction_53	session_05	J5	HUILEUX	FATTY	FATTY
fraction_53	session_05	J6	SENSATION_DE BOUCHE_ENROBEE_TERRE DE SILICE_FORT	MOUTHFILLING_HIGH	MOUTHFILLING
fraction_53	session_05	J8	SYEC TANIQUE	ACID	ACID
fraction_53	session_05	J8	SYEC TANIQUE	ASTRINGENT	ASTRINGENT
fraction_53	session_05	J9	AMER_LEGER UMAMI_LEGER	BITTER_LOW	BITTER
fraction_53	session_05	J9	AMER_LEGER UMAMI_LEGER	UMAMI_LOW	UMAMI
fraction_54	session_05	J1	ACIDE_MOYEN VOLUME_FAIBLE	ACID	ACID
fraction_54	session_05	J1	ACIDE_MOYEN VOLUME_FAIBLE	VOLUME_LOW	VOLUME
fraction_54	session_05	J10	VOLUME  ASTRINGENCE	VOLUME	VOLUME
fraction_54	session_05	J10	VOLUME  ASTRINGENCE	ASTRINGENT	ASTRINGENT
fraction_54	session_05	J11	AMERE	BITTER	BITTER
fraction_54	session_05	J13	NEUTRE ASSECHANT_FAIBLE	""	""
fraction_54	session_05	J13	NEUTRE ASSECHANT_FAIBLE	ASTRINGENT_LOW	ASTRINGENT
fraction_54	session_05	J2	GRAS_FORT AMERTUME_MOYENNE	FATTY_HIGH	FATTY
fraction_54	session_05	J2	GRAS_FORT AMERTUME_MOYENNE	BITTER	BITTER
fraction_54	session_05	J3	CRAIE-MOYEN  AMER-MOYEN	MOUTHFILLING	MOUTHFILLING
fraction_54	session_05	J3	CRAIE-MOYEN  AMER-MOYEN	BITTER	BITTER
fraction_54	session_05	J4	AMER_MOYEN GRAS	BITTER	BITTER
fraction_54	session_05	J4	AMER_MOYEN GRAS	FATTY	FATTY
fraction_54	session_05	J5	HUILEUX FRAIS AMER	FATTY	FATTY
fraction_54	session_05	J5	HUILEUX FRAIS AMER	FRESH	FRESH
fraction_54	session_05	J5	HUILEUX FRAIS AMER	BITTER	BITTER
fraction_54	session_05	J6	SENSATION_DE BOUCHE_ENROBEE_TERRE DE SILICE_FORT	MOUTHFILLING_HIGH	MOUTHFILLING
fraction_54	session_05	J8	AMER SEC	BITTER	BITTER
fraction_54	session_05	J8	AMER SEC	ACID	ACID
fraction_54	session_05	J9	NEUTRE	""	""
fraction_55	session_06	J1	AMERTUME_FORTE	BITTER_HIGH	BITTER
fraction_55	session_06	J10	BOISE_LEGER MAIS_EFFET_CUMULATIF	WOODY_LOW	WOODY
fraction_55	session_06	J2	AMERTUME-UN-PEU-PLUS-SOUTENUE	BITTER	BITTER
fraction_55	session_06	J3	AMER	BITTER	BITTER
fraction_55	session_06	J4	ACQUEUX FRAIS MINEDRAL ASSECHANT	FRESH	FRESH
fraction_55	session_06	J4	ACQUEUX FRAIS MINEDRAL ASSECHANT	MINERALITY	MINERALITY
fraction_55	session_06	J4	ACQUEUX FRAIS MINEDRAL ASSECHANT	ASTRINGENT	ASTRINGENT
fraction_55	session_06	J5	UN_PEU_MOINS_GRAS  FRAICHEUR	FATTY_LOW	FATTY
fraction_55	session_06	J5	UN_PEU_MOINS_GRAS  FRAICHEUR	FRESH	FRESH
fraction_55	session_06	J7	AMERTUME GRAS BOISE	BITTER	BITTER
fraction_55	session_06	J7	AMERTUME GRAS BOISE	FATTY	FATTY
fraction_55	session_06	J7	AMERTUME GRAS BOISE	WOODY	WOODY
fraction_55	session_06	J8	LEGERE_ASTRINGENCE FRAICHEUR GRAS	ASTRINGENT_LOW	ASTRINGENT
fraction_55	session_06	J8	LEGERE_ASTRINGENCE FRAICHEUR GRAS	FRESH	FRESH
fraction_55	session_06	J8	LEGERE_ASTRINGENCE FRAICHEUR GRAS	FATTY	FATTY
fraction_55	session_06	J9	UMAMI_MOYEN SALÉ_FORT GRAS_FORT	UMAMI	UMAMI
fraction_55	session_06	J9	UMAMI_MOYEN SALÉ_FORT GRAS_FORT	SALTY_HIGH	SALTY
fraction_55	session_06	J9	UMAMI_MOYEN SALÉ_FORT GRAS_FORT	FATTY_HIGH	FATTY
fraction_56	session_06	J1	AMERTUME_TRES_FORTE	BITTER_HIGH	BITTER
fraction_56	session_06	J10	BOISE_LEGER MAIS_EFFET_CUMULATIF	WOODY_LOW	WOODY
fraction_56	session_06	J2	AMERTUME-MOYENNE	BITTER	BITTER
fraction_56	session_06	J3	SUCRE	SWEET	SWEET
fraction_56	session_06	J4	SEC MINERAL	ACID	ACID
fraction_56	session_06	J4	SEC MINERAL	MINERALITY	MINERALITY
fraction_56	session_06	J5	GRAS  UN_PEU_DE _FRAICHEUR	FATTY	FATTY
fraction_56	session_06	J5	GRAS  UN_PEU_DE _FRAICHEUR	FRESH_LOW	FRESH
fraction_56	session_06	J7	AMERTUME BOISE	BITTER	BITTER
fraction_56	session_06	J7	AMERTUME BOISE	WOODY	WOODY
fraction_56	session_06	J8	SUCROSITE_FAIBLE GRFAS	SWEET_LOW	SWEET
fraction_56	session_06	J8	SUCROSITE_FAIBLE GRFAS	FATTY	FATTY
fraction_56	session_06	J9	UMAMI_MOYEN SALÉ_FORT GRAS_FORT	UMAMI	UMAMI
fraction_56	session_06	J9	UMAMI_MOYEN SALÉ_FORT GRAS_FORT	SALTY_HIGH	SALTY
fraction_56	session_06	J9	UMAMI_MOYEN SALÉ_FORT GRAS_FORT	FATTY_HIGH	FATTY
fraction_57	session_06	J1	AMERTUME_MOYENNE	BITTER	BITTER
fraction_57	session_06	J10	BOISE_LEGER MAIS_EFFET_CUMULATIF	WOODY_LOW	WOODY
fraction_57	session_06	J2	AMERTUME-UN-PEU-PLUS-SOUTENUE	BITTER	BITTER
fraction_57	session_06	J3	SUCRE	SWEET	SWEET
fraction_57	session_06	J4	MINERALASSECHANT AMER	MINERALITY	MINERALITY
fraction_57	session_06	J4	MINERALASSECHANT AMER	ACID	ACID
fraction_57	session_06	J4	MINERALASSECHANT AMER	BITTER	BITTER
fraction_57	session_06	J5	UN_PEU_DE_GRAS  PLUS_DE_FRAICHEUR	FATTY_LOW	FATTY
fraction_57	session_06	J5	UN_PEU_DE_GRAS  PLUS_DE_FRAICHEUR	FRESH	FRESH
fraction_57	session_06	J7	BOISE GRAS ASTRINGENCE	WOODY	WOODY
fraction_57	session_06	J7	BOISE GRAS ASTRINGENCE	FATTY	FATTY
fraction_57	session_06	J7	BOISE GRAS ASTRINGENCE	ASTRINGENT	ASTRINGENT
fraction_57	session_06	J8	ASTRINGENCE_MOYENNE LEGERE_SALINITE	ASTRINGENT	ASTRINGENT
fraction_57	session_06	J8	ASTRINGENCE_MOYENNE LEGERE_SALINITE	SALTY_LOW	SALTY
fraction_57	session_06	J9	UMAMI_FAIBLE SALÉ_MOYEN AMERTUME_FAIBLE	UMAMI_LOW	UMAMI
fraction_57	session_06	J9	UMAMI_FAIBLE SALÉ_MOYEN AMERTUME_FAIBLE	SALTY	SALTY
fraction_57	session_06	J9	UMAMI_FAIBLE SALÉ_MOYEN AMERTUME_FAIBLE	BITTER_LOW	BITTER
fraction_58	session_06	J1	GGRAS SUCROSITE_FAIBLE ACIDITE_FAIBLE             AMERTUME_FAIBLE	FATTY	FATTY
fraction_58	session_06	J1	GGRAS SUCROSITE_FAIBLE ACIDITE_FAIBLE             AMERTUME_FAIBLE	SWEET_LOW	SWEET
fraction_58	session_06	J1	GGRAS SUCROSITE_FAIBLE ACIDITE_FAIBLE             AMERTUME_FAIBLE	ACID_LOW	ACID
fraction_58	session_06	J1	GGRAS SUCROSITE_FAIBLE ACIDITE_FAIBLE             AMERTUME_FAIBLE	BITTER_LOW	BITTER
fraction_58	session_06	J10	BOISE_LEGER MAIS_EFFET_CUMULATIF	WOODY_LOW	WOODY
fraction_58	session_06	J2	AMERTUME-UN-PEU-PLUS-SOUTENUE	BITTER	BITTER
fraction_58	session_06	J3	SUCRE	SWEET	SWEET
fraction_58	session_06	J4	EAU SEC COLLANT AMER	""	""
fraction_58	session_06	J4	EAU SEC COLLANT AMER	ACID	ACID
fraction_58	session_06	J4	EAU SEC COLLANT AMER	MOUTHFILLING	MOUTHFILLING
fraction_58	session_06	J4	EAU SEC COLLANT AMER	BITTER	BITTER
fraction_58	session_06	J5	PEU_DE_GRAS  PLUS_DE_FRAICHEUR	FATTY_LOW	FATTY
fraction_58	session_06	J5	PEU_DE_GRAS  PLUS_DE_FRAICHEUR	FRESH	FRESH
fraction_58	session_06	J7	ASTRINGENCE BOISE	ASTRINGENT	ASTRINGENT
fraction_58	session_06	J7	ASTRINGENCE BOISE	WOODY	WOODY
fraction_58	session_06	J8	LEGERE_SALINITE ASTRINGENCE_MOYENNE AMERTUME_FAIBLE CARTON	SALTY_LOW	SALTY
fraction_58	session_06	J8	LEGERE_SALINITE ASTRINGENCE_MOYENNE AMERTUME_FAIBLE CARTON	ASTRINGENT	ASTRINGENT
fraction_58	session_06	J8	LEGERE_SALINITE ASTRINGENCE_MOYENNE AMERTUME_FAIBLE CARTON	BITTER_LOW	BITTER
fraction_58	session_06	J8	LEGERE_SALINITE ASTRINGENCE_MOYENNE AMERTUME_FAIBLE CARTON	CARTON	CARTON
fraction_58	session_06	J9	UMAMI_MOYEN SALÉ_FAIBLE	UMAMI	UMAMI
fraction_58	session_06	J9	UMAMI_MOYEN SALÉ_FAIBLE	SALTY_LOW	SALTY
fraction_59	session_06	J1	GRAS AMEERTUME_FAIBLE	FATTY	FATTY
fraction_59	session_06	J1	GRAS AMEERTUME_FAIBLE	BITTER_LOW	BITTER
fraction_59	session_06	J10	BOISE_LEGER MAIS_EFFET_CUMULATIF	WOODY_LOW	WOODY
fraction_59	session_06	J2	AMERTUME-UN-PEU-PLUS-SOUTENUE	BITTER	BITTER
fraction_59	session_06	J3	AMER	BITTER	BITTER
fraction_59	session_06	J4	ACQUEUX FRAICHEUR MINERAL	FRESH	FRESH
fraction_59	session_06	J4	ACQUEUX FRAICHEUR MINERAL	MINERALITY	MINERALITY
fraction_59	session_06	J5	FRAICHEUR	FRESH	FRESH
fraction_59	session_06	J7	GRAS BOISE	FATTY	FATTY
fraction_59	session_06	J7	GRAS BOISE	WOODY	WOODY
fraction_59	session_06	J8	STRIN GENCE_MOYENNE ACIDITE_FAIBLE	ASTRINGENT	ASTRINGENT
fraction_59	session_06	J8	STRIN GENCE_MOYENNE ACIDITE_FAIBLE	ACID_LOW	ACID
fraction_59	session_06	J9	AMERTUME_FORT UMAMI_FORT	BITTER_HIGH	BITTER
fraction_59	session_06	J9	AMERTUME_FORT UMAMI_FORT	UMAMI_HIGH	UMAMI
fraction_60	session_06	J1	SALINITE_FAIBLE AMERTUME_FAIBLE	SALTY_LOW	SALTY
fraction_60	session_06	J1	SALINITE_FAIBLE AMERTUME_FAIBLE	BITTER_LOW	BITTER
fraction_60	session_06	J10	BOISE_LEGER MAIS_EFFET_CUMULATIF	WOODY_LOW	WOODY
fraction_60	session_06	J2	AMERTUME-MOYENNE	BITTER	BITTER
fraction_60	session_06	J3	GRAS	FATTY	FATTY
fraction_60	session_06	J4	ACQUEUX FRAIS MINERAL	FRESH	FRESH
fraction_60	session_06	J4	ACQUEUX FRAIS MINERAL	MINERALITY	MINERALITY
fraction_60	session_06	J5	UN_PEU_MOINS_GRAS  FRAICHEUR	FATTY_LOW	FATTY
fraction_60	session_06	J5	UN_PEU_MOINS_GRAS  FRAICHEUR	FRESH	FRESH
fraction_60	session_06	J7	BOISE GRAS	WOODY	WOODY
fraction_60	session_06	J7	BOISE GRAS	FATTY	FATTY
fraction_60	session_06	J8	GRAS	FATTY	FATTY
fraction_60	session_06	J9	UMAMI_FAIBLE SALÉ_MOYEN AMERTUME_MOYEN	UMAMI_LOW	UMAMI
fraction_60	session_06	J9	UMAMI_FAIBLE SALÉ_MOYEN AMERTUME_MOYEN	SALTY	SALTY
fraction_60	session_06	J9	UMAMI_FAIBLE SALÉ_MOYEN AMERTUME_MOYEN	BITTER	BITTER
fraction_61	session_06	J1	SALINITE_FAIBLE AMERTUME_FAIBLE	SALTY_LOW	SALTY
fraction_61	session_06	J1	SALINITE_FAIBLE AMERTUME_FAIBLE	BITTER_LOW	BITTER
fraction_61	session_06	J10	BOISE_LEGER MAIS_EFFET_CUMULATIF	WOODY_LOW	WOODY
fraction_61	session_06	J2	AMERTUME-UN-PEU-PLUS-SOUTENUE	BITTER	BITTER
fraction_61	session_06	J3	GRAS	FATTY	FATTY
fraction_61	session_06	J4	FRAICHEUR TENSION MINERAL	FRESH	FRESH
fraction_61	session_06	J4	FRAICHEUR TENSION MINERAL	TENSION	TENSION
fraction_61	session_06	J4	FRAICHEUR TENSION MINERAL	MINERALITY	MINERALITY
fraction_61	session_06	J5	GRAS	FATTY	FATTY
fraction_61	session_06	J7	ASTRINGENCE BOISE	ASTRINGENT	ASTRINGENT
fraction_61	session_06	J7	ASTRINGENCE BOISE	WOODY	WOODY
fraction_61	session_06	J8	LEGERE_SUCROSITE LEGERE_ACIDITE	SWEET_LOW	SWEET
fraction_61	session_06	J8	LEGERE_SUCROSITE LEGERE_ACIDITE	ACID_LOW	ACID
fraction_61	session_06	J9	UMAMI_MOYEN FRAIS_FORT	UMAMI	UMAMI
fraction_61	session_06	J9	UMAMI_MOYEN FRAIS_FORT	FRESH_HIGH	FRESH
fraction_62	session_06	J1	AMERTUME_MOYENNE	BITTER	BITTER
fraction_62	session_06	J10	BOISE_LEGER MAIS_EFFET_CUMULATIF	WOODY_LOW	WOODY
fraction_62	session_06	J2	AMERTUME-LEOERE	BITTER_LOW	BITTER
fraction_62	session_06	J3	GRAS	FATTY	FATTY
fraction_62	session_06	J4	SEDC MINERAL	ACID	ACID
fraction_62	session_06	J4	SEDC MINERAL	MINERALITY	MINERALITY
fraction_62	session_06	J5	FRAICHEUR  LEGER_GRAS	FRESH	FRESH
fraction_62	session_06	J5	FRAICHEUR  LEGER_GRAS	FATTY_LOW	FATTY
fraction_62	session_06	J7	ASTRINGENCE BOISE	ASTRINGENT	ASTRINGENT
fraction_62	session_06	J7	ASTRINGENCE BOISE	WOODY	WOODY
fraction_62	session_06	J8	LEGERE_ACIDITE STRINGENCE_FAIBLE GRAS CARTON	ACID_LOW	ACID
fraction_62	session_06	J8	LEGERE_ACIDITE STRINGENCE_FAIBLE GRAS CARTON	ASTRINGENT_LOW	ASTRINGENT
fraction_62	session_06	J8	LEGERE_ACIDITE STRINGENCE_FAIBLE GRAS CARTON	FATTY	FATTY
fraction_62	session_06	J8	LEGERE_ACIDITE STRINGENCE_FAIBLE GRAS CARTON	CARTON	CARTON
fraction_62	session_06	J9	UMAMI_MOYEN FRAIS_FORT	UMAMI	UMAMI
fraction_62	session_06	J9	UMAMI_MOYEN FRAIS_FORT	FRESH_HIGH	FRESH
fraction_63	session_06	J1	AMERTUME_TRES_FORTE	BITTER_HIGH	BITTER
fraction_63	session_06	J10	BOISE_LEGER MAIS_EFFET_CUMULATIF	WOODY_LOW	WOODY
fraction_63	session_06	J2	AMERTUME-LEOERE	BITTER_LOW	BITTER
fraction_63	session_06	J3	AMER	BITTER	BITTER
fraction_63	session_06	J4	EAU SEC AMER	""	""
fraction_63	session_06	J4	EAU SEC AMER	ACID	ACID
fraction_63	session_06	J4	EAU SEC AMER	BITTER	BITTER
fraction_63	session_06	J5	GRAS  FRAICHEUR	FATTY	FATTY
fraction_63	session_06	J5	GRAS  FRAICHEUR	FRESH	FRESH
fraction_63	session_06	J7	AMERTUME BOISE	BITTER	BITTER
fraction_63	session_06	J7	AMERTUME BOISE	WOODY	WOODY
fraction_63	session_06	J8	SUCROSITE_FAIBLE GRAS	SWEET_LOW	SWEET
fraction_63	session_06	J8	SUCROSITE_FAIBLE GRAS	FATTY	FATTY
fraction_63	session_06	J9	UMAMI_FAIBLE SALÉ_MOYEN AMERTUME_MOYEN	UMAMI_LOW	UMAMI
fraction_63	session_06	J9	UMAMI_FAIBLE SALÉ_MOYEN AMERTUME_MOYEN	SALTY	SALTY
fraction_63	session_06	J9	UMAMI_FAIBLE SALÉ_MOYEN AMERTUME_MOYEN	BITTER	BITTER
fraction_64	session_07	J1	VOLUME_ELEVE ACIDE_ELEVE	VOLUME_HIGH	VOLUME
fraction_64	session_07	J1	VOLUME_ELEVE ACIDE_ELEVE	ACID_HIGH	ACID
fraction_64	session_07	J10	SALÉ_FAIBLE DOUX	SALTY_LOW	SALTY
fraction_64	session_07	J10	SALÉ_FAIBLE DOUX	SWEET	SWEET
fraction_64	session_07	J11	SUCRE_TRES FAIBLE GRAS	SWEET_LOW	SWEET
fraction_64	session_07	J11	SUCRE_TRES FAIBLE GRAS	FATTY	FATTY
fraction_64	session_07	J12	IODE_FORT CRAIE_MOYEN AMER_FAIBLE	IODINE_HIGH	IODINE
fraction_64	session_07	J12	IODE_FORT CRAIE_MOYEN AMER_FAIBLE	MOUTHFILLING	MOUTHFILLING
fraction_64	session_07	J12	IODE_FORT CRAIE_MOYEN AMER_FAIBLE	BITTER_LOW	BITTER
fraction_64	session_07	J2	AMERTUME_FAIBLE GRAS_MOYEN ACIDITE_FAIBLE	BITTER_LOW	BITTER
fraction_64	session_07	J2	AMERTUME_FAIBLE GRAS_MOYEN ACIDITE_FAIBLE	FATTY	FATTY
fraction_64	session_07	J2	AMERTUME_FAIBLE GRAS_MOYEN ACIDITE_FAIBLE	ACID_LOW	ACID
fraction_64	session_07	J3	AMER_SOUTENU	BITTER_HIGH	BITTER
fraction_64	session_07	J4	CHLORE	CHLORINE	CHLORINE
fraction_64	session_07	J5	MINERAL-AMER	MINERALITY	MINERALITY
fraction_64	session_07	J5	MINERAL-AMER	BITTER	BITTER
fraction_64	session_07	J6	UMAMI VIEILLE_CAVE_PEINTURE GRAS_LEGER	UMAMI	UMAMI
fraction_64	session_07	J6	UMAMI VIEILLE_CAVE_PEINTURE GRAS_LEGER	MOIST	MOIST
fraction_64	session_07	J6	UMAMI VIEILLE_CAVE_PEINTURE GRAS_LEGER	CHEMICAL	CHEMICAL
fraction_64	session_07	J6	UMAMI VIEILLE_CAVE_PEINTURE GRAS_LEGER	FATTY_LOW	FATTY
fraction_64	session_07	J7	FRAICHEUR  LEGER_VOLUME	FRESH	FRESH
fraction_64	session_07	J7	FRAICHEUR  LEGER_VOLUME	VOLUME_LOW	VOLUME
fraction_64	session_07	J8	VOLUME_FAIBLE AMERTUME_FAIBLE	VOLUME_LOW	VOLUME
fraction_64	session_07	J8	VOLUME_FAIBLE AMERTUME_FAIBLE	BITTER_LOW	BITTER
fraction_64	session_07	J9	FLUIDE LEGERE_SUCROSITE	MOUTHFILLING	MOUTHFILLING
fraction_64	session_07	J9	FLUIDE LEGERE_SUCROSITE	SWEET_LOW	SWEET
fraction_65	session_07	J1	VOLUME_ELEVE ACIDE_ELEVE	VOLUME_HIGH	VOLUME
fraction_65	session_07	J1	VOLUME_ELEVE ACIDE_ELEVE	ACID_HIGH	ACID
fraction_65	session_07	J10	AMER_FAIBLE FRAICHEUR	BITTER_LOW	BITTER
fraction_65	session_07	J10	AMER_FAIBLE FRAICHEUR	FRESH	FRESH
fraction_65	session_07	J11	AMERTUME_TRES_FAIBLE ASSECHANT_FAIBLE	BITTER_LOW	BITTER
fraction_65	session_07	J11	AMERTUME_TRES_FAIBLE ASSECHANT_FAIBLE	ASTRINGENT_LOW	ASTRINGENT
fraction_65	session_07	J12	IODE_FORT ANIMAL_MOUILLE_FORT AMER_MOYEN	IODINE_HIGH	IODINE
fraction_65	session_07	J12	IODE_FORT ANIMAL_MOUILLE_FORT AMER_MOYEN	MOIST_HIGH	MOIST
fraction_65	session_07	J12	IODE_FORT ANIMAL_MOUILLE_FORT AMER_MOYEN	BITTER	BITTER
fraction_65	session_07	J2	SALINITE_MOYEN GRAS_MOYEN AMERTUME_FAIBLE	SALTY	SALTY
fraction_65	session_07	J2	SALINITE_MOYEN GRAS_MOYEN AMERTUME_FAIBLE	FATTY	FATTY
fraction_65	session_07	J2	SALINITE_MOYEN GRAS_MOYEN AMERTUME_FAIBLE	BITTER_LOW	BITTER
fraction_65	session_07	J3	AMER_SOUTENU	BITTER_HIGH	BITTER
fraction_65	session_07	J4	GRAS CHLORE	FATTY	FATTY
fraction_65	session_07	J4	GRAS CHLORE	CHLORINE	CHLORINE
fraction_65	session_07	J5	AMER-FINALE	BITTER	BITTER
fraction_65	session_07	J6	VEGETAL_CHIMIQUE_PEINTURE	VEGETAL	VEGETAL
fraction_65	session_07	J6	VEGETAL_CHIMIQUE_PEINTURE	CHEMICAL	CHEMICAL
fraction_65	session_07	J7	FRAICHEUR  LEGER_VOLUME	FRESH	FRESH
fraction_65	session_07	J7	FRAICHEUR  LEGER_VOLUME	VOLUME_LOW	VOLUME
fraction_65	session_07	J8	VOLUME_FAIBLE AMERTUME_FAIBLE	VOLUME_LOW	VOLUME
fraction_65	session_07	J8	VOLUME_FAIBLE AMERTUME_FAIBLE	BITTER_LOW	BITTER
fraction_65	session_07	J9	SUCROSITE TRES_GRAS	SWEET	SWEET
fraction_65	session_07	J9	SUCROSITE TRES_GRAS	FATTY_HIGH	FATTY
fraction_66	session_07	J1	VOLUME_MOYEN ACIDE_ELEVE	VOLUME	VOLUME
fraction_66	session_07	J1	VOLUME_MOYEN ACIDE_ELEVE	ACID_HIGH	ACID
fraction_66	session_07	J10	UMAMI AMER FRAICHEUR	UMAMI	UMAMI
fraction_66	session_07	J10	UMAMI AMER FRAICHEUR	BITTER	BITTER
fraction_66	session_07	J10	UMAMI AMER FRAICHEUR	FRESH	FRESH
fraction_66	session_07	J11	NEUTRE	""	""
fraction_66	session_07	J12	IODE_TRES_FORT ANIMAL_MOYEN AMER_MOYEN	IODINE_HIGH	IODINE
fraction_66	session_07	J12	IODE_TRES_FORT ANIMAL_MOYEN AMER_MOYEN	ANIMAL	ANIMAL
fraction_66	session_07	J12	IODE_TRES_FORT ANIMAL_MOYEN AMER_MOYEN	BITTER	BITTER
fraction_66	session_07	J2	SALINITE_MAYEN AMERTUME_FAIBLE GRAS_FAIBLE	SALTY	SALTY
fraction_66	session_07	J2	SALINITE_MAYEN AMERTUME_FAIBLE GRAS_FAIBLE	BITTER_LOW	BITTER
fraction_66	session_07	J2	SALINITE_MAYEN AMERTUME_FAIBLE GRAS_FAIBLE	FATTY_LOW	FATTY
fraction_66	session_07	J3	AMER_SOUTENU	BITTER_HIGH	BITTER
fraction_66	session_07	J4	CHLORE	CHLORINE	CHLORINE
fraction_66	session_07	J5	SEC-MINEDRFAL	ACID	ACID
fraction_66	session_07	J5	SEC-MINEDRFAL	MINERALITY	MINERALITY
fraction_66	session_07	J6	AMER_LEGER VEGETAL_CHIMIQUE_PEINTURE GRAS_LEGER	BITTER_LOW	BITTER
fraction_66	session_07	J6	AMER_LEGER VEGETAL_CHIMIQUE_PEINTURE GRAS_LEGER	VEGETAL	VEGETAL
fraction_66	session_07	J6	AMER_LEGER VEGETAL_CHIMIQUE_PEINTURE GRAS_LEGER	CHEMICAL	CHEMICAL
fraction_66	session_07	J6	AMER_LEGER VEGETAL_CHIMIQUE_PEINTURE GRAS_LEGER	FATTY_LOW	FATTY
fraction_66	session_07	J7	PEU_DE_VOLUME  FRAICHEURR  ASTRINBGENCE  MINE_DE_CRAYON	VOLUME_LOW	VOLUME
fraction_66	session_07	J7	PEU_DE_VOLUME  FRAICHEURR  ASTRINBGENCE  MINE_DE_CRAYON	FRESH	FRESH
fraction_66	session_07	J7	PEU_DE_VOLUME  FRAICHEURR  ASTRINBGENCE  MINE_DE_CRAYON	ASTRINGENT	ASTRINGENT
fraction_66	session_07	J7	PEU_DE_VOLUME  FRAICHEURR  ASTRINBGENCE  MINE_DE_CRAYON	MOUTHFILLING	MOUTHFILLING
fraction_66	session_07	J8	VOLUME_FAIBLE AMERTUME_FAIBLE	VOLUME_LOW	VOLUME
fraction_66	session_07	J8	VOLUME_FAIBLE AMERTUME_FAIBLE	BITTER_LOW	BITTER
fraction_66	session_07	J9	SUCROSITE TRES_GRAS	SWEET	SWEET
fraction_66	session_07	J9	SUCROSITE TRES_GRAS	FATTY_HIGH	FATTY
fraction_67	session_07	J1	VOLUME_FAIBLE ACIDE_MOYEN	VOLUME_LOW	VOLUME
fraction_67	session_07	J1	VOLUME_FAIBLE ACIDE_MOYEN	ACID	ACID
fraction_67	session_07	J10	SALÉ_FAIBLE DOUX AMER_LÉGÉ	SALTY_LOW	SALTY
fraction_67	session_07	J10	SALÉ_FAIBLE DOUX AMER_LÉGÉ	SWEET	SWEET
fraction_67	session_07	J10	SALÉ_FAIBLE DOUX AMER_LÉGÉ	BITTER_LOW	BITTER
fraction_67	session_07	J11	AMERTUME_TRES_FAIBLE ASSECHANT_FAIBLE	BITTER_LOW	BITTER
fraction_67	session_07	J11	AMERTUME_TRES_FAIBLE ASSECHANT_FAIBLE	ASTRINGENT_LOW	ASTRINGENT
fraction_67	session_07	J12	IODE_FORT ANIMAL_MOUILLE_FORT AMER_MOYEN	IODINE_HIGH	IODINE
fraction_67	session_07	J12	IODE_FORT ANIMAL_MOUILLE_FORT AMER_MOYEN	MOIST_HIGH	MOIST
fraction_67	session_07	J12	IODE_FORT ANIMAL_MOUILLE_FORT AMER_MOYEN	BITTER	BITTER
fraction_67	session_07	J2	SALINITEFAKIBLE MARTUME_MOYEN GRAS_FAIBLE	SALTY	SALTY
fraction_67	session_07	J2	SALINITEFAKIBLE MARTUME_MOYEN GRAS_FAIBLE	BITTER	BITTER
fraction_67	session_07	J2	SALINITEFAKIBLE MARTUME_MOYEN GRAS_FAIBLE	FATTY_LOW	FATTY
fraction_67	session_07	J3	AMER-FAIBLE	BITTER_LOW	BITTER
fraction_67	session_07	J4	GRAS CHLORE SUCRE	FATTY	FATTY
fraction_67	session_07	J4	GRAS CHLORE SUCRE	CHLORINE	CHLORINE
fraction_67	session_07	J4	GRAS CHLORE SUCRE	SWEET	SWEET
fraction_67	session_07	J5	SEC-MINERAL	ACID	ACID
fraction_67	session_07	J5	SEC-MINERAL	MINERALITY	MINERALITY
fraction_67	session_07	J6	AMER_LEGER VEGETAL_CHIMIQUE_PEINTURE GRAS_LEGER	BITTER_LOW	BITTER
fraction_67	session_07	J6	AMER_LEGER VEGETAL_CHIMIQUE_PEINTURE GRAS_LEGER	VEGETAL	VEGETAL
fraction_67	session_07	J6	AMER_LEGER VEGETAL_CHIMIQUE_PEINTURE GRAS_LEGER	CHEMICAL	CHEMICAL
fraction_67	session_07	J6	AMER_LEGER VEGETAL_CHIMIQUE_PEINTURE GRAS_LEGER	FATTY_LOW	FATTY
fraction_67	session_07	J7	VOLUME  FRAICHEURF	VOLUME	VOLUME
fraction_67	session_07	J7	VOLUME  FRAICHEURF	FRESH	FRESH
fraction_67	session_07	J8	COLLANT ROND	MOUTHFILLING	MOUTHFILLING
fraction_67	session_07	J8	COLLANT ROND	MOUTHFILLING	MOUTHFILLING
fraction_67	session_07	J9	TRES_FLUIDE	MOUTHFILLING_HIGH	MOUTHFILLING
fraction_68	session_07	J1	VOLUME_ELEVE ACIDE MOYEN	VOLUME_HIGH	VOLUME
fraction_68	session_07	J1	VOLUME_ELEVE ACIDE MOYEN	ACID	ACID
fraction_68	session_07	J10	INTENSITÉ_MOYENNE FRAICHEUR	FRESH	FRESH
fraction_68	session_07	J11	AMERTUME_FAIBLE ASSECHANT	BITTER_LOW	BITTER
fraction_68	session_07	J11	AMERTUME_FAIBLE ASSECHANT	ASTRINGENT	ASTRINGENT
fraction_68	session_07	J12	IODE_TRES_FORT ANIMAL_MOYEN AMER_MOYEN	IODINE_HIGH	IODINE
fraction_68	session_07	J12	IODE_TRES_FORT ANIMAL_MOYEN AMER_MOYEN	ANIMAL	ANIMAL
fraction_68	session_07	J12	IODE_TRES_FORT ANIMAL_MOYEN AMER_MOYEN	BITTER	BITTER
fraction_68	session_07	J2	SALINITE_FAIBLE AMERTUME_FAIBLE	SALTY_LOW	SALTY
fraction_68	session_07	J2	SALINITE_FAIBLE AMERTUME_FAIBLE	BITTER_LOW	BITTER
fraction_68	session_07	J3	AMER_FASIBLE SUCRE_FAIBLE	BITTER_LOW	BITTER
fraction_68	session_07	J3	AMER_FASIBLE SUCRE_FAIBLE	SWEET_LOW	SWEET
fraction_68	session_07	J4	GRAS CHLORE SUCRE	FATTY	FATTY
fraction_68	session_07	J4	GRAS CHLORE SUCRE	CHLORINE	CHLORINE
fraction_68	session_07	J4	GRAS CHLORE SUCRE	SWEET	SWEET
fraction_68	session_07	J5	MINERAL-AMER-ACIDE	MINERALITY	MINERALITY
fraction_68	session_07	J5	MINERAL-AMER-ACIDE	BITTER-ACID	BITTER-ACID
fraction_68	session_07	J6	UMAMI GRAS_LEGER	UMAMI	UMAMI
fraction_68	session_07	J6	UMAMI GRAS_LEGER	FATTY_LOW	FATTY
fraction_68	session_07	J7	VOLUME_GRAS	VOLUME	VOLUME
fraction_68	session_07	J7	VOLUME_GRAS	FATTY	FATTY
fraction_68	session_07	J8	AMERTUME	BITTER	BITTER
fraction_68	session_07	J9	SUCROSITE GRAS	SWEET	SWEET
fraction_68	session_07	J9	SUCROSITE GRAS	FATTY	FATTY
fraction_69	session_07	J1	VOLUME_MOYEN ACIDE_ELEVE	VOLUME	VOLUME
fraction_69	session_07	J1	VOLUME_MOYEN ACIDE_ELEVE	ACID_HIGH	ACID
fraction_69	session_07	J10	UMAMI AMER FRAICHEUR	UMAMI	UMAMI
fraction_69	session_07	J10	UMAMI AMER FRAICHEUR	BITTER	BITTER
fraction_69	session_07	J10	UMAMI AMER FRAICHEUR	FRESH	FRESH
fraction_69	session_07	J11	AMERTUME_TRES_FAIBLE ASSECHANT_FAIBLE	BITTER_LOW	BITTER
fraction_69	session_07	J11	AMERTUME_TRES_FAIBLE ASSECHANT_FAIBLE	ASTRINGENT_LOW	ASTRINGENT
fraction_69	session_07	J12	IODE_FORT CRAIE_MOYEN AMER_FAIBLE	IODINE_HIGH	IODINE
fraction_69	session_07	J12	IODE_FORT CRAIE_MOYEN AMER_FAIBLE	MOUTHFILLING	MOUTHFILLING
fraction_69	session_07	J12	IODE_FORT CRAIE_MOYEN AMER_FAIBLE	BITTER_LOW	BITTER
fraction_69	session_07	J2	AMERTUME_MOYEN GRAS_FAIBLE	BITTER	BITTER
fraction_69	session_07	J2	AMERTUME_MOYEN GRAS_FAIBLE	FATTY_LOW	FATTY
fraction_69	session_07	J3	AMER_FASIBLE SUCRE_FAIBLE	BITTER_LOW	BITTER
fraction_69	session_07	J3	AMER_FASIBLE SUCRE_FAIBLE	SWEET_LOW	SWEET
fraction_69	session_07	J4	CHLORE	CHLORINE	CHLORINE
fraction_69	session_07	J5	SEC-MINERAL	ACID	ACID
fraction_69	session_07	J5	SEC-MINERAL	MINERALITY	MINERALITY
fraction_69	session_07	J6	UMAMI VIEILLE_CAVE_PEINTURE GRAS_LEGER	UMAMI	UMAMI
fraction_69	session_07	J6	UMAMI VIEILLE_CAVE_PEINTURE GRAS_LEGER	MOIST	MOIST
fraction_69	session_07	J6	UMAMI VIEILLE_CAVE_PEINTURE GRAS_LEGER	CHEMICAL	CHEMICAL
fraction_69	session_07	J6	UMAMI VIEILLE_CAVE_PEINTURE GRAS_LEGER	FATTY_LOW	FATTY
fraction_69	session_07	J7	FRAÎCHEUR	FRESH	FRESH
fraction_69	session_07	J8	VOLUME_MOYENNE	VOLUME	VOLUME
fraction_69	session_07	J9	TRES_FLUIDE	MOUTHFILLING_HIGH	MOUTHFILLING
fraction_70	session_07	J1	VOLUME_FAIBLE ACIDE_ELEVE	VOLUME_LOW	VOLUME
fraction_70	session_07	J1	VOLUME_FAIBLE ACIDE_ELEVE	ACID_HIGH	ACID
fraction_70	session_07	J10	INTENSITÉ_MOYENNE FRAICHEUR	FRESH	FRESH
fraction_70	session_07	J11	AMERTUME_FAIBLE ASSECHANT	BITTER_LOW	BITTER
fraction_70	session_07	J11	AMERTUME_FAIBLE ASSECHANT	ASTRINGENT	ASTRINGENT
fraction_70	session_07	J12	IODE_FORT CRAIE_MOYEN AMER_FAIBLE	IODINE_HIGH	IODINE
fraction_70	session_07	J12	IODE_FORT CRAIE_MOYEN AMER_FAIBLE	MOUTHFILLING	MOUTHFILLING
fraction_70	session_07	J12	IODE_FORT CRAIE_MOYEN AMER_FAIBLE	BITTER_LOW	BITTER
fraction_70	session_07	J2	AMERTUME_FAIBLE GRAS_FAIBLE	BITTER_LOW	BITTER
fraction_70	session_07	J2	AMERTUME_FAIBLE GRAS_FAIBLE	FATTY_LOW	FATTY
fraction_70	session_07	J3	AMER-FAIBLE	BITTER_LOW	BITTER
fraction_70	session_07	J4	GRAS CHLORE SUCRE	FATTY	FATTY
fraction_70	session_07	J4	GRAS CHLORE SUCRE	CHLORINE	CHLORINE
fraction_70	session_07	J4	GRAS CHLORE SUCRE	SWEET	SWEET
fraction_70	session_07	J5	AMER-FINALE	BITTER	BITTER
fraction_70	session_07	J6	UMAMI VIEILLE_CAVE_PEINTURE GRAS_LEGER	UMAMI	UMAMI
fraction_70	session_07	J6	UMAMI VIEILLE_CAVE_PEINTURE GRAS_LEGER	MOIST	MOIST
fraction_70	session_07	J6	UMAMI VIEILLE_CAVE_PEINTURE GRAS_LEGER	CHEMICAL	CHEMICAL
fraction_70	session_07	J6	UMAMI VIEILLE_CAVE_PEINTURE GRAS_LEGER	FATTY_LOW	FATTY
fraction_70	session_07	J7	FRAICHEUR  VOLUME	FRESH	FRESH
fraction_70	session_07	J7	FRAICHEUR  VOLUME	VOLUME	VOLUME
fraction_70	session_07	J8	COLLANT ROND	MOUTHFILLING	MOUTHFILLING
fraction_70	session_07	J8	COLLANT ROND	MOUTHFILLING	MOUTHFILLING
fraction_70	session_07	J9	TRES_FLUIDE	MOUTHFILLING_HIGH	MOUTHFILLING
fraction_71	session_07	J1	VOLUME_FAIBLE ACIDE_MOYEN	VOLUME_LOW	VOLUME
fraction_71	session_07	J1	VOLUME_FAIBLE ACIDE_MOYEN	ACID	ACID
fraction_71	session_07	J10	INSTENSITÉ_FSIBLE DOUX	SWEET_LOW	SWEET
fraction_71	session_07	J11	SUCRE_FIABLE GRAS	SWEET_LOW	SWEET
fraction_71	session_07	J11	SUCRE_FIABLE GRAS	FATTY	FATTY
fraction_71	session_07	J12	IODE_MOYEN AMER_FAIBLE CRAIE_FAIBLE	IODINE	IODINE
fraction_71	session_07	J12	IODE_MOYEN AMER_FAIBLE CRAIE_FAIBLE	BITTER_LOW	BITTER
fraction_71	session_07	J12	IODE_MOYEN AMER_FAIBLE CRAIE_FAIBLE	MOUTHFILLING_LOW	MOUTHFILLING
fraction_71	session_07	J2	SALINITE_FAIBLE AMERTUME_FAIBLE GRAS_FAIBLE	SALTY_LOW	SALTY
fraction_71	session_07	J2	SALINITE_FAIBLE AMERTUME_FAIBLE GRAS_FAIBLE	BITTER_LOW	BITTER
fraction_71	session_07	J2	SALINITE_FAIBLE AMERTUME_FAIBLE GRAS_FAIBLE	FATTY_LOW	FATTY
fraction_71	session_07	J3	AMER_FASIBLE SUCRE_FAIBLE	BITTER_LOW	BITTER
fraction_71	session_07	J3	AMER_FASIBLE SUCRE_FAIBLE	SWEET_LOW	SWEET
fraction_71	session_07	J4	GRAS CHLORE	FATTY	FATTY
fraction_71	session_07	J4	GRAS CHLORE	CHLORINE	CHLORINE
fraction_71	session_07	J5	MINERAL-AMER	MINERALITY	MINERALITY
fraction_71	session_07	J5	MINERAL-AMER	BITTER	BITTER
fraction_71	session_07	J6	AMER_LEGER VEGETAL_CHIMIQUE_PEINTURE	BITTER_LOW	BITTER
fraction_71	session_07	J6	AMER_LEGER VEGETAL_CHIMIQUE_PEINTURE	VEGETAL	VEGETAL
fraction_71	session_07	J6	AMER_LEGER VEGETAL_CHIMIQUE_PEINTURE	CHEMICAL	CHEMICAL
fraction_71	session_07	J7	VOLUME GRAS  GOUT_CITRONNÉ	VOLUME	VOLUME
fraction_71	session_07	J7	VOLUME GRAS  GOUT_CITRONNÉ	FATTY	FATTY
fraction_71	session_07	J7	VOLUME GRAS  GOUT_CITRONNÉ	LEMON	LEMON
fraction_71	session_07	J8	COLLANT ROND	MOUTHFILLING	MOUTHFILLING
fraction_71	session_07	J8	COLLANT ROND	MOUTHFILLING	MOUTHFILLING
fraction_71	session_07	J9	FLUIDE	MOUTHFILLING	MOUTHFILLING
fraction_17	session_All	J1	AMERTUME_TRES_LEGERE	BITTER_LOW	BITTER
fraction_17	session_All	J10	SUCRE_2 AMER_1	SWEET_LOW	SWEET
fraction_17	session_All	J10	SUCRE_2 AMER_1	BITTER_LOW	BITTER
fraction_17	session_All	J2	AMER_LEDGER GRAS SUCRE_LEGER	BITTER_LOW	BITTER
fraction_17	session_All	J2	AMER_LEDGER GRAS SUCRE_LEGER	FATTY	FATTY
fraction_17	session_All	J2	AMER_LEDGER GRAS SUCRE_LEGER	SWEET_LOW	SWEET
fraction_17	session_All	J3	SALE_LEGER	SALTY_LOW	SALTY
fraction_17	session_All	J4	TANIN	ASTRINGENT	ASTRINGENT
fraction_17	session_All	J5	VEGETAL_LEGER	VEGETAL_LOW	VEGETAL
fraction_17	session_All	J6	VOLUME  SUCRE	VOLUME	VOLUME
fraction_17	session_All	J6	VOLUME  SUCRE	SWEET	SWEET
fraction_17	session_All	J7	LEGERE_SUCROSITE	SWEET_LOW	SWEET
fraction_17	session_All	J8	FERREUX SALIN	METALLIC	METALLIC
fraction_17	session_All	J8	FERREUX SALIN	SALTY	SALTY
fraction_17	session_All	J9	NEUTRE	""	""
fraction_23	session_All	J1	AMERTUME_LEGERE	BITTER_LOW	BITTER
fraction_23	session_All	J10	AMER_4 CARTON_MOUILLE_2	BITTER	BITTER
fraction_23	session_All	J10	AMER_4 CARTON_MOUILLE_2	CARTON	CARTON
fraction_23	session_All	J2	AMER_LEGER GRAS SUCRE_MARQUE	BITTER_LOW	BITTER
fraction_23	session_All	J2	AMER_LEGER GRAS SUCRE_MARQUE	FATTY	FATTY
fraction_23	session_All	J2	AMER_LEGER GRAS SUCRE_MARQUE	SWEET_HIGH	SWEET
fraction_23	session_All	J3	AMER_LEGER	BITTER_LOW	BITTER
fraction_23	session_All	J4	MIKNERFAL	MINERALITY	MINERALITY
fraction_23	session_All	J5	GRAS_LEGER AGRUME	FATTY_LOW	FATTY
fraction_23	session_All	J5	GRAS_LEGER AGRUME	ACID	ACID
fraction_23	session_All	J6	VOLUME  SUCRE	VOLUME	VOLUME
fraction_23	session_All	J6	VOLUME  SUCRE	SWEET	SWEET
fraction_23	session_All	J7	LEGERE_SUCROSITE	SWEET_LOW	SWEET
fraction_23	session_All	J8	FERREUX AQUEU	METALLIC	METALLIC
fraction_23	session_All	J9	AMER_LEGER EN FIN	BITTER_LOW	BITTER
fraction_28	session_All	J1	AMERTUME-TRES-FORTE	BITTER_HIGH	BITTER
fraction_28	session_All	J10	AMER_5	BITTER	BITTER
fraction_28	session_All	J2	AMER_LEDGER GRAS SUCRE_LEGER	BITTER_LOW	BITTER
fraction_28	session_All	J2	AMER_LEDGER GRAS SUCRE_LEGER	FATTY	FATTY
fraction_28	session_All	J2	AMER_LEDGER GRAS SUCRE_LEGER	SWEET_LOW	SWEET
fraction_28	session_All	J3	AMER_FORT	BITTER_HIGH	BITTER
fraction_28	session_All	J4	AMERTUJME	BITTER	BITTER
fraction_28	session_All	J5	AMER_MOYEN AGUME	BITTER	BITTER
fraction_28	session_All	J5	AMER_MOYEN AGUME	ACID	ACID
fraction_28	session_All	J6	SUCRE  LEGER_VOLUMRE	SWEET	SWEET
fraction_28	session_All	J6	SUCRE  LEGER_VOLUMRE	VOLUME_LOW	VOLUME
fraction_28	session_All	J7	AMERTUME	BITTER	BITTER
fraction_28	session_All	J8	PEU_AROMAIQUE AQUEU LEGEREMENT_FLORAL_ROSÉ	AROMATIC_LOW	AROMATIC
fraction_28	session_All	J8	PEU_AROMAIQUE AQUEU LEGEREMENT_FLORAL_ROSÉ	FLORAL_LOW	FLORAL
fraction_28	session_All	J9	AMER_LEGER EN FIN	BITTER_LOW	BITTER
fraction_32	session_All	J10	AMER_2_A_3	BITTER_LOW	BITTER
fraction_32	session_All	J2	AMER_LEDGER GRAS SUCRE_LEGER	BITTER_LOW	BITTER
fraction_32	session_All	J2	AMER_LEDGER GRAS SUCRE_LEGER	FATTY	FATTY
fraction_32	session_All	J2	AMER_LEDGER GRAS SUCRE_LEGER	SWEET_LOW	SWEET
fraction_32	session_All	J3	SALE_LEGER	SALTY_LOW	SALTY
fraction_32	session_All	J4	TANIN	ASTRINGENT	ASTRINGENT
fraction_32	session_All	J5	VOLUME UMAMI METALLIQUE_FINALE	VOLUME	VOLUME
fraction_32	session_All	J5	VOLUME UMAMI METALLIQUE_FINALE	UMAMI	UMAMI
fraction_32	session_All	J5	VOLUME UMAMI METALLIQUE_FINALE	METALLIC	METALLIC
fraction_32	session_All	J6	VOLUME  SUCRE	VOLUME	VOLUME
fraction_32	session_All	J6	VOLUME  SUCRE	SWEET	SWEET
fraction_32	session_All	J7	LEGERE_SUCROSITE	SWEET_LOW	SWEET
fraction_32	session_All	J8	AQUEUE GRAS	FATTY	FATTY
fraction_32	session_All	J9	NEUTRE	""	""
fraction_36	session_All	J1	AMERTUME-MOYENNE ACIDITE-LEGERE	BITTER	BITTER
fraction_36	session_All	J1	AMERTUME-MOYENNE ACIDITE-LEGERE	ACID_LOW	ACID
fraction_36	session_All	J10	AMER_8	BITTER_HIGH	BITTER
fraction_36	session_All	J2	AMERR_MOYEN SUCRE_LEGER	BITTER	BITTER
fraction_36	session_All	J2	AMERR_MOYEN SUCRE_LEGER	SWEET_LOW	SWEET
fraction_36	session_All	J3	AMER_MOYEN	BITTER	BITTER
fraction_36	session_All	J4	AMERTUME	BITTER	BITTER
fraction_36	session_All	J5	AMER_MOYEN SUCRE FRAIS	BITTER	BITTER
fraction_36	session_All	J5	AMER_MOYEN SUCRE FRAIS	SWEET	SWEET
fraction_36	session_All	J5	AMER_MOYEN SUCRE FRAIS	FRESH	FRESH
fraction_36	session_All	J6	SUCRE  LEGER_VOLUME  VEGETAL	SWEET	SWEET
fraction_36	session_All	J6	SUCRE  LEGER_VOLUME  VEGETAL	VOLUME_LOW	VOLUME
fraction_36	session_All	J6	SUCRE  LEGER_VOLUME  VEGETAL	VEGETAL	VEGETAL
fraction_36	session_All	J7	AMERTUME	BITTER	BITTER
fraction_36	session_All	J8	MOYENNEMENT_AMER	BITTER	BITTER
fraction_36	session_All	J9	AMER_FORT	BITTER_HIGH	BITTER
fraction_40	session_All	J1	AMERTUME-TRES-TRES-FORTE	BITTER_HIGH	BITTER
fraction_40	session_All	J10	AMER_9	BITTER_HIGH	BITTER
fraction_40	session_All	J2	AMERR_MOYEN SUCRE_LEGER	BITTER	BITTER
fraction_40	session_All	J2	AMERR_MOYEN SUCRE_LEGER	SWEET_LOW	SWEET
fraction_40	session_All	J3	AMER_FORT	BITTER_HIGH	BITTER
fraction_40	session_All	J4	AMERTUME	BITTER	BITTER
fraction_40	session_All	J5	AMER_FORT_SUR_LANGUE	BITTER_HIGH	BITTER
fraction_40	session_All	J6	VOLUME  TRES_AMER	VOLUME	VOLUME
fraction_40	session_All	J6	VOLUME  TRES_AMER	BITTER_HIGH	BITTER
fraction_40	session_All	J7	FORTE_AMERTUME	BITTER_HIGH	BITTER
fraction_40	session_All	J8	TRES_AMRER	BITTER_HIGH	BITTER
fraction_40	session_All	J9	AMER_FORT	BITTER_HIGH	BITTER
fraction_47	session_All	J1	AMERTUME-LEGERE AACIDITE-LEGERE	BITTER_LOW	BITTER
fraction_47	session_All	J1	AMERTUME-LEGERE AACIDITE-LEGERE	ACID_LOW	ACID
fraction_47	session_All	J10	AMER_2 SUCRE:_2	BITTER_LOW	BITTER
fraction_47	session_All	J10	AMER_2 SUCRE:_2	SWEET_LOW	SWEET
fraction_47	session_All	J2	AMER_LEDGER GRAS SUCRE_LEGER	BITTER_LOW	BITTER
fraction_47	session_All	J2	AMER_LEDGER GRAS SUCRE_LEGER	FATTY	FATTY
fraction_47	session_All	J2	AMER_LEDGER GRAS SUCRE_LEGER	SWEET_LOW	SWEET
fraction_47	session_All	J3	SALE_LEGER	SALTY_LOW	SALTY
fraction_47	session_All	J4	MINERAL	MINERALITY	MINERALITY
fraction_47	session_All	J5	GRAS_FAIBLE FRUITE	FATTY_LOW	FATTY
fraction_47	session_All	J5	GRAS_FAIBLE FRUITE	FRUITY	FRUITY
fraction_47	session_All	J7	SUCROSITE	SWEET	SWEET
fraction_47	session_All	J8	FERREUX AQUEU	METALLIC	METALLIC
fraction_47	session_All	J9	AMER_LEGER EN FIN	BITTER_LOW	BITTER
fraction_57	session_All	J1	ACIDITE-TRES-LEGERE AMERTUME-LEGERE	ACID_LOW	ACID
fraction_57	session_All	J1	ACIDITE-TRES-LEGERE AMERTUME-LEGERE	BITTER_LOW	BITTER
fraction_57	session_All	J10	SUCRE_3 AMER_3	SWEET	SWEET
fraction_57	session_All	J10	SUCRE_3 AMER_3	BITTER	BITTER
fraction_57	session_All	J2	AMER_LEGER FRAICHEUR SUCRE_LEGER	BITTER_LOW	BITTER
fraction_57	session_All	J2	AMER_LEGER FRAICHEUR SUCRE_LEGER	FRESH	FRESH
fraction_57	session_All	J2	AMER_LEGER FRAICHEUR SUCRE_LEGER	SWEET_LOW	SWEET
fraction_57	session_All	J3	AMER_TRES_LEGER	BITTER_LOW	BITTER
fraction_57	session_All	J4	TANIN	ASTRINGENT	ASTRINGENT
fraction_57	session_All	J5	GRAS VOLUME FRAIS_VEGETAL	FATTY	FATTY
fraction_57	session_All	J5	GRAS VOLUME FRAIS_VEGETAL	VOLUME	VOLUME
fraction_57	session_All	J5	GRAS VOLUME FRAIS_VEGETAL	FRESH	FRESH
fraction_57	session_All	J5	GRAS VOLUME FRAIS_VEGETAL	VEGETAL	VEGETAL
fraction_57	session_All	J6	ASTRINGENT  FRAICHEUR	ASTRINGENT	ASTRINGENT
fraction_57	session_All	J6	ASTRINGENT  FRAICHEUR	FRESH	FRESH
fraction_57	session_All	J7	LEGERE_SUCROSITE	SWEET_LOW	SWEET
fraction_57	session_All	J8	LEGEREMENT_AMER	BITTER_LOW	BITTER
fraction_57	session_All	J9	AMER_LEGER EN FIN	BITTER_LOW	BITTER
fraction_67	session_All	J1	ACIDITE-TRES-LEGERE	ACID_LOW	ACID
fraction_67	session_All	J10	CARTON_MOUILLE_1 AMER_0	CARTON_MOUILLE	CARTON
fraction_67	session_All	J2	AMER_LEDGER GRAS SUCRE_LEGER	BITTER_LOW	BITTER
fraction_67	session_All	J2	AMER_LEDGER GRAS SUCRE_LEGER	FATTY	FATTY
fraction_67	session_All	J2	AMER_LEDGER GRAS SUCRE_LEGER	SWEET_LOW	SWEET
fraction_67	session_All	J3	RIEN	""	""
fraction_67	session_All	J4	MINERAL	MINERALITY	MINERALITY
fraction_67	session_All	J5	VOLUME FRAIS PETIT_POIS	VOLUME	VOLUME
fraction_67	session_All	J5	VOLUME FRAIS PETIT_POIS	FRESH	FRESH
fraction_67	session_All	J5	VOLUME FRAIS PETIT_POIS	VEGETAL	VEGETAL
fraction_67	session_All	J6	SUCRE  PAS DE VOL	SWEET	SWEET
fraction_67	session_All	J7	LEGERE_SUCROSITE	SWEET_LOW	SWEET
fraction_67	session_All	J8	AQUEUE GRAS	FATTY	FATTY
fraction_67	session_All	J9	GRAS SUCRE_LEGER	FATTY	FATTY
fraction_67	session_All	J9	GRAS SUCRE_LEGER	SWEET_LOW	SWEET
fraction_RAW	session_All	J1	AMERTUME-TRES-TRES-FORTE	BITTER_HIGH	BITTER
fraction_RAW	session_All	J10	AMER_10	BITTER_HIGH	BITTER
fraction_RAW	session_All	J2	AMER_LEDGER GRAS SUCRE_LEGER	BITTER_LOW	BITTER
fraction_RAW	session_All	J2	AMER_LEDGER GRAS SUCRE_LEGER	FATTY	FATTY
fraction_RAW	session_All	J2	AMER_LEDGER GRAS SUCRE_LEGER	SWEET_LOW	SWEET
fraction_RAW	session_All	J3	AMER_FORT	BITTER_HIGH	BITTER
fraction_RAW	session_All	J4	AMERTUME	BITTER	BITTER
fraction_RAW	session_All	J5	AMER_FORT	BITTER_HIGH	BITTER
fraction_RAW	session_All	J6	GTRES_AMER  VOLUMR	BITTER_HIGH	BITTER
fraction_RAW	session_All	J6	GTRES_AMER  VOLUMR	VOLUME	VOLUME
fraction_RAW	session_All	J7	FORTE_AMERTUME	BITTER_HIGH	BITTER
fraction_RAW	session_All	J8	MOYENNEMENT_AMER	BITTER	BITTER
fraction_RAW	session_All	J9	AMER_FORT	BITTER_HIGH	BITTER
