fraction	session	jury	taste_original	taste_harmonized	value
fraction_17	session_01	jury_03	FRAICHEUR	FRESH	0.7
fraction_17	session_01	jury_03	RIEN	""	0
fraction_17	session_01	jury_04	VOLUME	VOLUME	5.1
fraction_17	session_01	jury_04	ACIDE	ACID	4
fraction_17	session_01	jury_07	VOLUME	VOLUME	9.2
fraction_17	session_01	jury_07	ASTRINGENCE	ASTRINGENT	5.1
fraction_17	session_01	jury_07	FRAICHEUR	FRESH	0.2
fraction_17	session_01	jury_07	CRAYEUX	MOUTHFILLING	2.7
fraction_17	session_01	jury_08	VOLUME	VOLUME	6.7
fraction_17	session_01	jury_08	AMERTUME	BITTER	0
fraction_17	session_01	jury_08	FLUIDE	MOUTHFILLING	0
fraction_17	session_01	jury_11	AMER	BITTER	2.5
fraction_17	session_01	jury_11	VOLUME	VOLUME	1.7
fraction_17	session_01	jury_13	MINERAL AMER	MINERALITY	3.8
fraction_17	session_01	jury_13	MINERAL AMER	BITTER	3.8
fraction_17	session_01	jury_13	ASTGRINGEANT	ASTRINGENT	7.6
fraction_17	session_01	jury_14	GRAS	FATTY	0.3
fraction_17	session_01	jury_14	FRAICHEUR	FRESH	5.5
fraction_17	session_01	jury_14	UMAMI	UMAMI	0.1
fraction_17	session_01	jury_14	METALLIQUE	METALLIC	5.8
fraction_17	session_01	jury_14	RONDEUR	MOUTHFILLING	0.3
fraction_17	session_01	jury_15	GRAS	FATTY	8
fraction_17	session_01	jury_15	SALÉ	SALTY	3
fraction_17	session_01	jury_15	MÉTALIQUE	METALLIC	0
fraction_17	session_01	jury_15	FRAIS	FRESH	0
fraction_17	session_01	jury_16	VOLUME	VOLUME	2.7
fraction_17	session_01	jury_16	AMERTUME	BITTER	3.3
fraction_17	session_01	jury_16	ASTRINGENCE	ASTRINGENT	0.7
fraction_17	session_01	jury_16	FRAICHEUR	FRESH	1.4
fraction_18	session_01	jury_03	FRAICHEUR	FRESH	0
fraction_18	session_01	jury_03	RIEN	""	0
fraction_18	session_01	jury_04	VOLUME	VOLUME	5.2
fraction_18	session_01	jury_04	ACIDE	ACID	4
fraction_18	session_01	jury_07	VOLUME	VOLUME	0.7
fraction_18	session_01	jury_07	ASTRINGENCE	ASTRINGENT	1
fraction_18	session_01	jury_07	FRAICHEUR	FRESH	7.7
fraction_18	session_01	jury_07	CRAYEUX	MOUTHFILLING	0.1
fraction_18	session_01	jury_08	VOLUME	VOLUME	0
fraction_18	session_01	jury_08	AMERTUME	BITTER	4.7
fraction_18	session_01	jury_08	FLUIDE	MOUTHFILLING	8.1
fraction_18	session_01	jury_11	AMER	BITTER	2.4
fraction_18	session_01	jury_11	VOLUME	VOLUME	3.9
fraction_18	session_01	jury_13	MINERAL AMER	MINERALITY	4.2
fraction_18	session_01	jury_13	MINERAL AMER	BITTER	4.2
fraction_18	session_01	jury_13	ASTGRINGEANT	ASTRINGENT	7.9
fraction_18	session_01	jury_14	GRAS	FATTY	7.1
fraction_18	session_01	jury_14	FRAICHEUR	FRESH	0
fraction_18	session_01	jury_14	UMAMI	UMAMI	3.2
fraction_18	session_01	jury_14	METALLIQUE	METALLIC	0.2
fraction_18	session_01	jury_14	RONDEUR	MOUTHFILLING	1.5
fraction_18	session_01	jury_15	GRAS	FATTY	0
fraction_18	session_01	jury_15	SALÉ	SALTY	0
fraction_18	session_01	jury_15	MÉTALIQUE	METALLIC	7
fraction_18	session_01	jury_15	FRAIS	FRESH	1.1
fraction_18	session_01	jury_16	VOLUME	VOLUME	5.1
fraction_18	session_01	jury_16	AMERTUME	BITTER	1.4
fraction_18	session_01	jury_16	ASTRINGENCE	ASTRINGENT	0.8
fraction_18	session_01	jury_16	FRAICHEUR	FRESH	1.6
fraction_19	session_01	jury_03	FRAICHEUR	FRESH	0
fraction_19	session_01	jury_03	RIEN	""	0
fraction_19	session_01	jury_04	VOLUME	VOLUME	5.2
fraction_19	session_01	jury_04	ACIDE	ACID	4
fraction_19	session_01	jury_07	VOLUME	VOLUME	0.7
fraction_19	session_01	jury_07	ASTRINGENCE	ASTRINGENT	1
fraction_19	session_01	jury_07	FRAICHEUR	FRESH	7.7
fraction_19	session_01	jury_07	CRAYEUX	MOUTHFILLING	0.2
fraction_19	session_01	jury_08	VOLUME	VOLUME	3.3
fraction_19	session_01	jury_08	AMERTUME	BITTER	1.4
fraction_19	session_01	jury_08	FLUIDE	MOUTHFILLING	3
fraction_19	session_01	jury_11	AMER	BITTER	2.4
fraction_19	session_01	jury_11	VOLUME	VOLUME	1.7
fraction_19	session_01	jury_13	MINERAL AMER	MINERALITY	4.7
fraction_19	session_01	jury_13	MINERAL AMER	BITTER	4.7
fraction_19	session_01	jury_13	ASTGRINGEANT	ASTRINGENT	4.1
fraction_19	session_01	jury_14	GRAS	FATTY	5.2
fraction_19	session_01	jury_14	FRAICHEUR	FRESH	0
fraction_19	session_01	jury_14	UMAMI	UMAMI	3
fraction_19	session_01	jury_14	METALLIQUE	METALLIC	0.2
fraction_19	session_01	jury_14	RONDEUR	MOUTHFILLING	1
fraction_19	session_01	jury_15	GRAS	FATTY	1.9
fraction_19	session_01	jury_15	SALÉ	SALTY	0
fraction_19	session_01	jury_15	MÉTALIQUE	METALLIC	0
fraction_19	session_01	jury_15	FRAIS	FRESH	7.1
fraction_19	session_01	jury_16	VOLUME	VOLUME	1
fraction_19	session_01	jury_16	AMERTUME	BITTER	2.5
fraction_19	session_01	jury_16	ASTRINGENCE	ASTRINGENT	5.3
fraction_19	session_01	jury_16	FRAICHEUR	FRESH	5.9
fraction_20	session_01	jury_03	FRAICHEUR	FRESH	0
fraction_20	session_01	jury_03	RIEN	""	0
fraction_20	session_01	jury_04	VOLUME	VOLUME	5.1
fraction_20	session_01	jury_04	ACIDE	ACID	4.1
fraction_20	session_01	jury_07	VOLUME	VOLUME	1.3
fraction_20	session_01	jury_07	ASTRINGENCE	ASTRINGENT	2.9
fraction_20	session_01	jury_07	FRAICHEUR	FRESH	6.2
fraction_20	session_01	jury_07	CRAYEUX	MOUTHFILLING	9.2
fraction_20	session_01	jury_08	VOLUME	VOLUME	6.8
fraction_20	session_01	jury_08	AMERTUME	BITTER	0
fraction_20	session_01	jury_08	FLUIDE	MOUTHFILLING	0
fraction_20	session_01	jury_11	AMER	BITTER	2.5
fraction_20	session_01	jury_11	VOLUME	VOLUME	3.9
fraction_20	session_01	jury_13	MINERAL AMER	MINERALITY	7.3
fraction_20	session_01	jury_13	MINERAL AMER	BITTER	7.3
fraction_20	session_01	jury_13	ASTGRINGEANT	ASTRINGENT	5.1
fraction_20	session_01	jury_14	GRAS	FATTY	2.3
fraction_20	session_01	jury_14	FRAICHEUR	FRESH	0
fraction_20	session_01	jury_14	UMAMI	UMAMI	5.1
fraction_20	session_01	jury_14	METALLIQUE	METALLIC	0.2
fraction_20	session_01	jury_14	RONDEUR	MOUTHFILLING	4.4
fraction_20	session_01	jury_15	GRAS	FATTY	1.9
fraction_20	session_01	jury_15	SALÉ	SALTY	0
fraction_20	session_01	jury_15	MÉTALIQUE	METALLIC	0
fraction_20	session_01	jury_15	FRAIS	FRESH	7.1
fraction_20	session_01	jury_16	VOLUME	VOLUME	2.7
fraction_20	session_01	jury_16	AMERTUME	BITTER	3.4
fraction_20	session_01	jury_16	ASTRINGENCE	ASTRINGENT	0.8
fraction_20	session_01	jury_16	FRAICHEUR	FRESH	1.5
fraction_21	session_01	jury_03	FRAICHEUR	FRESH	0
fraction_21	session_01	jury_03	RIEN	""	0
fraction_21	session_01	jury_04	VOLUME	VOLUME	5.2
fraction_21	session_01	jury_04	ACIDE	ACID	4
fraction_21	session_01	jury_07	VOLUME	VOLUME	0.7
fraction_21	session_01	jury_07	ASTRINGENCE	ASTRINGENT	3.3
fraction_21	session_01	jury_07	FRAICHEUR	FRESH	8.6
fraction_21	session_01	jury_07	CRAYEUX	MOUTHFILLING	7
fraction_21	session_01	jury_08	VOLUME	VOLUME	3.3
fraction_21	session_01	jury_08	AMERTUME	BITTER	1.4
fraction_21	session_01	jury_08	FLUIDE	MOUTHFILLING	3
fraction_21	session_01	jury_11	AMER	BITTER	4.7
fraction_21	session_01	jury_11	VOLUME	VOLUME	1.7
fraction_21	session_01	jury_13	MINERAL AMER	MINERALITY	4.9
fraction_21	session_01	jury_13	MINERAL AMER	BITTER	4.9
fraction_21	session_01	jury_13	ASTGRINGEANT	ASTRINGENT	4.6
fraction_21	session_01	jury_14	GRAS	FATTY	5.2
fraction_21	session_01	jury_14	FRAICHEUR	FRESH	0
fraction_21	session_01	jury_14	UMAMI	UMAMI	3
fraction_21	session_01	jury_14	METALLIQUE	METALLIC	0.2
fraction_21	session_01	jury_14	RONDEUR	MOUTHFILLING	2.5
fraction_21	session_01	jury_15	GRAS	FATTY	0
fraction_21	session_01	jury_15	SALÉ	SALTY	0
fraction_21	session_01	jury_15	MÉTALIQUE	METALLIC	8
fraction_21	session_01	jury_15	FRAIS	FRESH	0
fraction_21	session_01	jury_16	VOLUME	VOLUME	5.1
fraction_21	session_01	jury_16	AMERTUME	BITTER	1.4
fraction_21	session_01	jury_16	ASTRINGENCE	ASTRINGENT	0.7
fraction_21	session_01	jury_16	FRAICHEUR	FRESH	1.4
fraction_22	session_02	jury_01	AMERTUME	BITTER	0.7
fraction_22	session_02	jury_01	SUCROSITÉ	SWEET	1.7
fraction_22	session_02	jury_02	AMERTUME	BITTER	0
fraction_22	session_02	jury_02	FRUITÉ	FRUITY	0.3
fraction_22	session_02	jury_05	GRAS	FATTY	7.1
fraction_22	session_02	jury_05	AMERTUME	BITTER	2.2
fraction_22	session_02	jury_06	AMER	BITTER	1.1
fraction_22	session_02	jury_06	SUCRE	SWEET	2.4
fraction_22	session_02	jury_06	UMAMI	UMAMI	0.1
fraction_22	session_02	jury_06	TERREUX	EARTHY	0
fraction_22	session_02	jury_06	ANIS	ANIS	1.3
fraction_22	session_02	jury_07	GRAS	FATTY	2.1
fraction_22	session_02	jury_07	AMERTUME	BITTER	1.4
fraction_22	session_02	jury_07	ASTRIINGENCE	ASTRINGENT	2
fraction_22	session_02	jury_09	AMER	BITTER	1.2
fraction_22	session_02	jury_10	SUCRE	SWEET	0.6
fraction_22	session_02	jury_10	AMERTUME	BITTER	2.9
fraction_22	session_02	jury_10	ASSECHANT	ASTRINGENT	2.3
fraction_22	session_02	jury_11	AMER	BITTER	4.3
fraction_22	session_02	jury_11	SUCRE	SWEET	2.3
fraction_22	session_02	jury_11	GRAS	FATTY	0.2
fraction_22	session_02	jury_13	AMER	BITTER	4.3
fraction_22	session_02	jury_13	ACIDE	ACID	5.2
fraction_22	session_02	jury_14	AMERTUME	BITTER	0
fraction_22	session_02	jury_14	VOLUME	VOLUME	2.7
fraction_22	session_02	jury_14	BOISE	WOODY	0
fraction_22	session_02	jury_14	METALLIQUE	METALLIC	0
fraction_22	session_02	jury_14	LACTE	FATTY	4.6
fraction_23	session_02	jury_01	AMERTUME	BITTER	0.8
fraction_23	session_02	jury_01	SUCROSITÉ	SWEET	1.8
fraction_23	session_02	jury_02	AMERTUME	BITTER	0.6
fraction_23	session_02	jury_02	FRUITÉ	FRUITY	0
fraction_23	session_02	jury_05	GRAS	FATTY	0.1
fraction_23	session_02	jury_05	AMERTUME	BITTER	9.9
fraction_23	session_02	jury_06	AMER	BITTER	0.3
fraction_23	session_02	jury_06	SUCRE	SWEET	8
fraction_23	session_02	jury_06	UMAMI	UMAMI	3.4
fraction_23	session_02	jury_06	TERREUX	EARTHY	0
fraction_23	session_02	jury_06	ANIS	ANIS	0
fraction_23	session_02	jury_07	GRAS	FATTY	7.1
fraction_23	session_02	jury_07	AMERTUME	BITTER	1.6
fraction_23	session_02	jury_07	ASTRIINGENCE	ASTRINGENT	0.1
fraction_23	session_02	jury_09	AMER	BITTER	5.6
fraction_23	session_02	jury_10	SUCRE	SWEET	0.6
fraction_23	session_02	jury_10	AMERTUME	BITTER	3.2
fraction_23	session_02	jury_10	ASSECHANT	ASTRINGENT	0
fraction_23	session_02	jury_11	AMER	BITTER	0.9
fraction_23	session_02	jury_11	SUCRE	SWEET	7.6
fraction_23	session_02	jury_11	GRAS	FATTY	5.3
fraction_23	session_02	jury_13	AMER	BITTER	2.8
fraction_23	session_02	jury_13	ACIDE	ACID	4.1
fraction_23	session_02	jury_14	AMERTUME	BITTER	0.9
fraction_23	session_02	jury_14	VOLUME	VOLUME	3.1
fraction_23	session_02	jury_14	BOISE	WOODY	9.7
fraction_23	session_02	jury_14	METALLIQUE	METALLIC	0
fraction_23	session_02	jury_14	LACTE	FATTY	0
fraction_24	session_02	jury_01	AMERTUME	BITTER	2
fraction_24	session_02	jury_01	SUCROSITÉ	SWEET	1.8
fraction_24	session_02	jury_02	AMERTUME	BITTER	0
fraction_24	session_02	jury_02	FRUITÉ	FRUITY	10
fraction_24	session_02	jury_05	GRAS	FATTY	4.3
fraction_24	session_02	jury_05	AMERTUME	BITTER	4.9
fraction_24	session_02	jury_06	AMER	BITTER	1.3
fraction_24	session_02	jury_06	SUCRE	SWEET	3.2
fraction_24	session_02	jury_06	UMAMI	UMAMI	0
fraction_24	session_02	jury_06	TERREUX	EARTHY	0
fraction_24	session_02	jury_06	ANIS	ANIS	4.4
fraction_24	session_02	jury_07	GRAS	FATTY	2.7
fraction_24	session_02	jury_07	AMERTUME	BITTER	2.5
fraction_24	session_02	jury_07	ASTRIINGENCE	ASTRINGENT	3.4
fraction_24	session_02	jury_09	AMER	BITTER	3.9
fraction_24	session_02	jury_10	SUCRE	SWEET	2.4
fraction_24	session_02	jury_10	AMERTUME	BITTER	0
fraction_24	session_02	jury_10	ASSECHANT	ASTRINGENT	0
fraction_24	session_02	jury_11	AMER	BITTER	2.5
fraction_24	session_02	jury_11	SUCRE	SWEET	6.1
fraction_24	session_02	jury_11	GRAS	FATTY	0.3
fraction_24	session_02	jury_13	AMER	BITTER	3.8
fraction_24	session_02	jury_13	ACIDE	ACID	6.4
fraction_24	session_02	jury_14	AMERTUME	BITTER	0
fraction_24	session_02	jury_14	VOLUME	VOLUME	3.7
fraction_24	session_02	jury_14	BOISE	WOODY	0
fraction_24	session_02	jury_14	METALLIQUE	METALLIC	3.9
fraction_24	session_02	jury_14	LACTE	FATTY	0
fraction_25	session_02	jury_01	AMERTUME	BITTER	3.1
fraction_25	session_02	jury_01	SUCROSITÉ	SWEET	0.9
fraction_25	session_02	jury_02	AMERTUME	BITTER	2
fraction_25	session_02	jury_02	FRUITÉ	FRUITY	3
fraction_25	session_02	jury_05	GRAS	FATTY	4.3
fraction_25	session_02	jury_05	AMERTUME	BITTER	4.9
fraction_25	session_02	jury_06	AMER	BITTER	2.7
fraction_25	session_02	jury_06	SUCRE	SWEET	2
fraction_25	session_02	jury_06	UMAMI	UMAMI	3.3
fraction_25	session_02	jury_06	TERREUX	EARTHY	0.1
fraction_25	session_02	jury_06	ANIS	ANIS	2.4
fraction_25	session_02	jury_07	GRAS	FATTY	7.4
fraction_25	session_02	jury_07	AMERTUME	BITTER	0.1
fraction_25	session_02	jury_07	ASTRIINGENCE	ASTRINGENT	0.2
fraction_25	session_02	jury_09	AMER	BITTER	2.4
fraction_25	session_02	jury_10	SUCRE	SWEET	2.1
fraction_25	session_02	jury_10	AMERTUME	BITTER	0
fraction_25	session_02	jury_10	ASSECHANT	ASTRINGENT	0
fraction_25	session_02	jury_11	AMER	BITTER	2.7
fraction_25	session_02	jury_11	SUCRE	SWEET	6.2
fraction_25	session_02	jury_11	GRAS	FATTY	0.3
fraction_25	session_02	jury_13	AMER	BITTER	3.5
fraction_25	session_02	jury_13	ACIDE	ACID	5
fraction_25	session_02	jury_14	AMERTUME	BITTER	0
fraction_25	session_02	jury_14	VOLUME	VOLUME	3.5
fraction_25	session_02	jury_14	BOISE	WOODY	0
fraction_25	session_02	jury_14	METALLIQUE	METALLIC	3.9
fraction_25	session_02	jury_14	LACTE	FATTY	4.4
fraction_26	session_02	jury_01	AMERTUME	BITTER	4.2
fraction_26	session_02	jury_01	SUCROSITÉ	SWEET	0
fraction_26	session_02	jury_02	AMERTUME	BITTER	1.3
fraction_26	session_02	jury_02	FRUITÉ	FRUITY	1.2
fraction_26	session_02	jury_05	GRAS	FATTY	0.1
fraction_26	session_02	jury_05	AMERTUME	BITTER	0.7
fraction_26	session_02	jury_06	AMER	BITTER	0
fraction_26	session_02	jury_06	SUCRE	SWEET	3
fraction_26	session_02	jury_06	UMAMI	UMAMI	0
fraction_26	session_02	jury_06	TERREUX	EARTHY	0
fraction_26	session_02	jury_06	ANIS	ANIS	0
fraction_26	session_02	jury_07	GRAS	FATTY	3.3
fraction_26	session_02	jury_07	AMERTUME	BITTER	1.4
fraction_26	session_02	jury_07	ASTRIINGENCE	ASTRINGENT	0.1
fraction_26	session_02	jury_09	AMER	BITTER	4
fraction_26	session_02	jury_10	SUCRE	SWEET	1.1
fraction_26	session_02	jury_10	AMERTUME	BITTER	0.5
fraction_26	session_02	jury_10	ASSECHANT	ASTRINGENT	0
fraction_26	session_02	jury_11	AMER	BITTER	4.3
fraction_26	session_02	jury_11	SUCRE	SWEET	2.3
fraction_26	session_02	jury_11	GRAS	FATTY	0.2
fraction_26	session_02	jury_13	AMER	BITTER	5.3
fraction_26	session_02	jury_13	ACIDE	ACID	4.5
fraction_26	session_02	jury_14	AMERTUME	BITTER	0
fraction_26	session_02	jury_14	VOLUME	VOLUME	5.1
fraction_26	session_02	jury_14	BOISE	WOODY	0
fraction_26	session_02	jury_14	METALLIQUE	METALLIC	0
fraction_26	session_02	jury_14	LACTE	FATTY	0.3
fraction_27	session_02	jury_01	AMERTUME	BITTER	9.6
fraction_27	session_02	jury_01	SUCROSITÉ	SWEET	0
fraction_27	session_02	jury_02	AMERTUME	BITTER	10
fraction_27	session_02	jury_02	FRUITÉ	FRUITY	0
fraction_27	session_02	jury_05	GRAS	FATTY	0
fraction_27	session_02	jury_05	AMERTUME	BITTER	9.9
fraction_27	session_02	jury_06	AMER	BITTER	7.4
fraction_27	session_02	jury_06	SUCRE	SWEET	0
fraction_27	session_02	jury_06	UMAMI	UMAMI	0
fraction_27	session_02	jury_06	TERREUX	EARTHY	0.1
fraction_27	session_02	jury_06	ANIS	ANIS	0
fraction_27	session_02	jury_07	GRAS	FATTY	5.2
fraction_27	session_02	jury_07	AMERTUME	BITTER	5.5
fraction_27	session_02	jury_07	ASTRIINGENCE	ASTRINGENT	3.3
fraction_27	session_02	jury_09	AMER	BITTER	7.6
fraction_27	session_02	jury_10	SUCRE	SWEET	0
fraction_27	session_02	jury_10	AMERTUME	BITTER	8.4
fraction_27	session_02	jury_10	ASSECHANT	ASTRINGENT	1.7
fraction_27	session_02	jury_11	AMER	BITTER	4.3
fraction_27	session_02	jury_11	SUCRE	SWEET	2.3
fraction_27	session_02	jury_11	GRAS	FATTY	0.2
fraction_27	session_02	jury_13	AMER	BITTER	5.9
fraction_27	session_02	jury_13	ACIDE	ACID	3.1
fraction_27	session_02	jury_14	AMERTUME	BITTER	5
fraction_27	session_02	jury_14	VOLUME	VOLUME	0
fraction_27	session_02	jury_14	BOISE	WOODY	5.4
fraction_27	session_02	jury_14	METALLIQUE	METALLIC	0
fraction_27	session_02	jury_14	LACTE	FATTY	0.2
fraction_28	session_02	jury_01	AMERTUME	BITTER	6.8
fraction_28	session_02	jury_01	SUCROSITÉ	SWEET	0
fraction_28	session_02	jury_02	AMERTUME	BITTER	5.1
fraction_28	session_02	jury_02	FRUITÉ	FRUITY	0
fraction_28	session_02	jury_05	GRAS	FATTY	7.2
fraction_28	session_02	jury_05	AMERTUME	BITTER	9.9
fraction_28	session_02	jury_06	AMER	BITTER	6.2
fraction_28	session_02	jury_06	SUCRE	SWEET	0
fraction_28	session_02	jury_06	UMAMI	UMAMI	0
fraction_28	session_02	jury_06	TERREUX	EARTHY	0
fraction_28	session_02	jury_06	ANIS	ANIS	1
fraction_28	session_02	jury_07	GRAS	FATTY	3.3
fraction_28	session_02	jury_07	AMERTUME	BITTER	3.1
fraction_28	session_02	jury_07	ASTRIINGENCE	ASTRINGENT	3.4
fraction_28	session_02	jury_09	AMER	BITTER	7.5
fraction_28	session_02	jury_10	SUCRE	SWEET	0
fraction_28	session_02	jury_10	AMERTUME	BITTER	6.4
fraction_28	session_02	jury_10	ASSECHANT	ASTRINGENT	3.5
fraction_28	session_02	jury_11	AMER	BITTER	6.6
fraction_28	session_02	jury_11	SUCRE	SWEET	1
fraction_28	session_02	jury_11	GRAS	FATTY	0.2
fraction_28	session_02	jury_13	AMER	BITTER	6.5
fraction_28	session_02	jury_13	ACIDE	ACID	3.8
fraction_28	session_02	jury_14	AMERTUME	BITTER	6.2
fraction_28	session_02	jury_14	VOLUME	VOLUME	0
fraction_28	session_02	jury_14	BOISE	WOODY	0
fraction_28	session_02	jury_14	METALLIQUE	METALLIC	0
fraction_28	session_02	jury_14	LACTE	FATTY	0.2
fraction_29	session_02	jury_01	AMERTUME	BITTER	5.6
fraction_29	session_02	jury_01	SUCROSITÉ	SWEET	0.1
fraction_29	session_02	jury_02	AMERTUME	BITTER	8.6
fraction_29	session_02	jury_02	FRUITÉ	FRUITY	4.5
fraction_29	session_02	jury_05	GRAS	FATTY	4.4
fraction_29	session_02	jury_05	AMERTUME	BITTER	2.2
fraction_29	session_02	jury_06	AMER	BITTER	3.6
fraction_29	session_02	jury_06	SUCRE	SWEET	0
fraction_29	session_02	jury_06	UMAMI	UMAMI	0
fraction_29	session_02	jury_06	TERREUX	EARTHY	3.1
fraction_29	session_02	jury_06	ANIS	ANIS	1
fraction_29	session_02	jury_07	GRAS	FATTY	1.3
fraction_29	session_02	jury_07	AMERTUME	BITTER	0.2
fraction_29	session_02	jury_07	ASTRIINGENCE	ASTRINGENT	0.1
fraction_29	session_02	jury_09	AMER	BITTER	5.7
fraction_29	session_02	jury_10	SUCRE	SWEET	1.4
fraction_29	session_02	jury_10	AMERTUME	BITTER	0.2
fraction_29	session_02	jury_10	ASSECHANT	ASTRINGENT	0
fraction_29	session_02	jury_11	AMER	BITTER	2.5
fraction_29	session_02	jury_11	SUCRE	SWEET	6
fraction_29	session_02	jury_11	GRAS	FATTY	0.2
fraction_29	session_02	jury_13	AMER	BITTER	6.2
fraction_29	session_02	jury_13	ACIDE	ACID	1.9
fraction_29	session_02	jury_14	AMERTUME	BITTER	0
fraction_29	session_02	jury_14	VOLUME	VOLUME	2.7
fraction_29	session_02	jury_14	BOISE	WOODY	0
fraction_29	session_02	jury_14	METALLIQUE	METALLIC	0
fraction_29	session_02	jury_14	LACTE	FATTY	0
fraction_30	session_02	jury_01	AMERTUME	BITTER	4.2
fraction_30	session_02	jury_01	SUCROSITÉ	SWEET	0
fraction_30	session_02	jury_02	AMERTUME	BITTER	1.9
fraction_30	session_02	jury_02	FRUITÉ	FRUITY	0
fraction_30	session_02	jury_05	GRAS	FATTY	7
fraction_30	session_02	jury_05	AMERTUME	BITTER	0.6
fraction_30	session_02	jury_06	AMER	BITTER	1.7
fraction_30	session_02	jury_06	SUCRE	SWEET	1.3
fraction_30	session_02	jury_06	UMAMI	UMAMI	0.9
fraction_30	session_02	jury_06	TERREUX	EARTHY	0.9
fraction_30	session_02	jury_06	ANIS	ANIS	4.4
fraction_30	session_02	jury_07	GRAS	FATTY	0.1
fraction_30	session_02	jury_07	AMERTUME	BITTER	0.1
fraction_30	session_02	jury_07	ASTRIINGENCE	ASTRINGENT	1.9
fraction_30	session_02	jury_09	AMER	BITTER	2.5
fraction_30	session_02	jury_10	SUCRE	SWEET	1.1
fraction_30	session_02	jury_10	AMERTUME	BITTER	0.5
fraction_30	session_02	jury_10	ASSECHANT	ASTRINGENT	0
fraction_30	session_02	jury_11	AMER	BITTER	4.3
fraction_30	session_02	jury_11	SUCRE	SWEET	2.3
fraction_30	session_02	jury_11	GRAS	FATTY	0.3
fraction_30	session_02	jury_13	AMER	BITTER	3
fraction_30	session_02	jury_13	ACIDE	ACID	5.8
fraction_30	session_02	jury_14	AMERTUME	BITTER	0
fraction_30	session_02	jury_14	VOLUME	VOLUME	0
fraction_30	session_02	jury_14	BOISE	WOODY	0
fraction_30	session_02	jury_14	METALLIQUE	METALLIC	2.9
fraction_30	session_02	jury_14	LACTE	FATTY	0
fraction_31	session_02	jury_01	AMERTUME	BITTER	6.9
fraction_31	session_02	jury_01	SUCROSITÉ	SWEET	0.1
fraction_31	session_02	jury_02	AMERTUME	BITTER	8
fraction_31	session_02	jury_02	FRUITÉ	FRUITY	9.3
fraction_31	session_02	jury_05	GRAS	FATTY	4.4
fraction_31	session_02	jury_05	AMERTUME	BITTER	9.8
fraction_31	session_02	jury_06	AMER	BITTER	9.3
fraction_31	session_02	jury_06	SUCRE	SWEET	0
fraction_31	session_02	jury_06	UMAMI	UMAMI	0.1
fraction_31	session_02	jury_06	TERREUX	EARTHY	0
fraction_31	session_02	jury_06	ANIS	ANIS	0
fraction_31	session_02	jury_07	GRAS	FATTY	8.5
fraction_31	session_02	jury_07	AMERTUME	BITTER	7.1
fraction_31	session_02	jury_07	ASTRIINGENCE	ASTRINGENT	5.4
fraction_31	session_02	jury_09	AMER	BITTER	9.3
fraction_31	session_02	jury_10	SUCRE	SWEET	0
fraction_31	session_02	jury_10	AMERTUME	BITTER	9
fraction_31	session_02	jury_10	ASSECHANT	ASTRINGENT	1.7
fraction_31	session_02	jury_11	AMER	BITTER	8.3
fraction_31	session_02	jury_11	SUCRE	SWEET	0.5
fraction_31	session_02	jury_11	GRAS	FATTY	0.4
fraction_31	session_02	jury_13	AMER	BITTER	7.6
fraction_31	session_02	jury_13	ACIDE	ACID	2.9
fraction_31	session_02	jury_14	AMERTUME	BITTER	9.1
fraction_31	session_02	jury_14	VOLUME	VOLUME	0
fraction_31	session_02	jury_14	BOISE	WOODY	9.4
fraction_31	session_02	jury_14	METALLIQUE	METALLIC	0
fraction_31	session_02	jury_14	LACTE	FATTY	0
fraction_32	session_03	jury_01	AMER	BITTER	395
fraction_32	session_03	jury_01	APRE/SUEUR	ACID	345
fraction_32	session_03	jury_01	CRAIE	MOUTHFILLING	0
fraction_32	session_03	jury_01	POIVRE	PUNGENT	0
fraction_32	session_03	jury_03	AMER	BITTER	400
fraction_32	session_03	jury_03	DEFAUT	OFFNOTE	140
fraction_32	session_03	jury_04	AMER	BITTER	470
fraction_32	session_03	jury_04	ACIDE	ACID	90
fraction_32	session_03	jury_05	GRAS	FATTY	30
fraction_32	session_03	jury_05	AMERTUME	BITTER	490
fraction_32	session_03	jury_05	ACIDITE	ACID	5
fraction_32	session_03	jury_06	AMER	BITTER	245
fraction_32	session_03	jury_06	GRAS	FATTY	65
fraction_32	session_03	jury_06	ENCAUSTIQUE	CHEMICAL	190
fraction_32	session_03	jury_06	UMAMI	UMAMI	5
fraction_32	session_03	jury_09	AMER	BITTER	490
fraction_32	session_03	jury_09	CRAIE	MOUTHFILLING	210
fraction_32	session_03	jury_10	AMER	BITTER	225
fraction_32	session_03	jury_10	GRAS	FATTY	90
fraction_32	session_03	jury_11	AMER	BITTER	315
fraction_32	session_03	jury_11	GRAS	FATTY	35
fraction_32	session_03	jury_11	SUCRE	SWEET	15
fraction_32	session_03	jury_13	TRES AMER	BITTER	405
fraction_32	session_03	jury_13	AMER COLLANT	MOUTHFILLING	220
fraction_32	session_03	jury_13	MINERAL	MINERALITY	255
fraction_32	session_03	jury_16	AMER	BITTER	165
fraction_32	session_03	jury_16	VOLUME	VOLUME	30
fraction_32	session_03	jury_16	ASTRINGENT	ASTRINGENT	155
fraction_33	session_03	jury_01	AMER	BITTER	390
fraction_33	session_03	jury_01	APRE/SUEUR	ACID	0
fraction_33	session_03	jury_01	CRAIE	MOUTHFILLING	0
fraction_33	session_03	jury_01	POIVRE	PUNGENT	350
fraction_33	session_03	jury_03	AMER	BITTER	415
fraction_33	session_03	jury_03	DEFAUT	OFFNOTE	270
fraction_33	session_03	jury_04	AMER	BITTER	465
fraction_33	session_03	jury_04	ACIDE	ACID	90
fraction_33	session_03	jury_05	GRAS	FATTY	35
fraction_33	session_03	jury_05	AMERTUME	BITTER	425
fraction_33	session_03	jury_05	ACIDITE	ACID	225
fraction_33	session_03	jury_06	AMER	BITTER	320
fraction_33	session_03	jury_06	GRAS	FATTY	10
fraction_33	session_03	jury_06	ENCAUSTIQUE	CHEMICAL	5
fraction_33	session_03	jury_06	UMAMI	UMAMI	0
fraction_33	session_03	jury_09	AMER	BITTER	330
fraction_33	session_03	jury_09	CRAIE	MOUTHFILLING	230
fraction_33	session_03	jury_10	AMER	BITTER	435
fraction_33	session_03	jury_10	GRAS	FATTY	0
fraction_33	session_03	jury_11	AMER	BITTER	205
fraction_33	session_03	jury_11	GRAS	FATTY	30
fraction_33	session_03	jury_11	SUCRE	SWEET	10
fraction_33	session_03	jury_13	TRES AMER	BITTER	245
fraction_33	session_03	jury_13	AMER COLLANT	MOUTHFILLING	260
fraction_33	session_03	jury_13	MINERAL	MINERALITY	170
fraction_33	session_03	jury_16	AMER	BITTER	280
fraction_33	session_03	jury_16	VOLUME	VOLUME	30
fraction_33	session_03	jury_16	ASTRINGENT	ASTRINGENT	270
fraction_34	session_03	jury_01	AMER	BITTER	395
fraction_34	session_03	jury_01	APRE/SUEUR	ACID	0
fraction_34	session_03	jury_01	CRAIE	MOUTHFILLING	5
fraction_34	session_03	jury_01	POIVRE	PUNGENT	350
fraction_34	session_03	jury_03	AMER	BITTER	405
fraction_34	session_03	jury_03	DEFAUT	OFFNOTE	425
fraction_34	session_03	jury_04	AMER	BITTER	470
fraction_34	session_03	jury_04	ACIDE	ACID	95
fraction_34	session_03	jury_05	GRAS	FATTY	235
fraction_34	session_03	jury_05	AMERTUME	BITTER	420
fraction_34	session_03	jury_05	ACIDITE	ACID	5
fraction_34	session_03	jury_06	AMER	BITTER	465
fraction_34	session_03	jury_06	GRAS	FATTY	55
fraction_34	session_03	jury_06	ENCAUSTIQUE	CHEMICAL	35
fraction_34	session_03	jury_06	UMAMI	UMAMI	0
fraction_34	session_03	jury_09	AMER	BITTER	490
fraction_34	session_03	jury_09	CRAIE	MOUTHFILLING	210
fraction_34	session_03	jury_10	AMER	BITTER	370
fraction_34	session_03	jury_10	GRAS	FATTY	0
fraction_34	session_03	jury_11	AMER	BITTER	315
fraction_34	session_03	jury_11	GRAS	FATTY	30
fraction_34	session_03	jury_11	SUCRE	SWEET	5
fraction_34	session_03	jury_13	TRES AMER	BITTER	385
fraction_34	session_03	jury_13	AMER COLLANT	MOUTHFILLING	240
fraction_34	session_03	jury_13	MINERAL	MINERALITY	230
fraction_34	session_03	jury_16	AMER	BITTER	170
fraction_34	session_03	jury_16	VOLUME	VOLUME	35
fraction_34	session_03	jury_16	ASTRINGENT	ASTRINGENT	150
fraction_35	session_03	jury_01	AMER	BITTER	395
fraction_35	session_03	jury_01	APRE/SUEUR	ACID	350
fraction_35	session_03	jury_01	CRAIE	MOUTHFILLING	0
fraction_35	session_03	jury_01	POIVRE	PUNGENT	0
fraction_35	session_03	jury_03	AMER	BITTER	295
fraction_35	session_03	jury_03	DEFAUT	OFFNOTE	285
fraction_35	session_03	jury_04	AMER	BITTER	475
fraction_35	session_03	jury_04	ACIDE	ACID	100
fraction_35	session_03	jury_05	GRAS	FATTY	30
fraction_35	session_03	jury_05	AMERTUME	BITTER	305
fraction_35	session_03	jury_05	ACIDITE	ACID	5
fraction_35	session_03	jury_06	AMER	BITTER	380
fraction_35	session_03	jury_06	GRAS	FATTY	85
fraction_35	session_03	jury_06	ENCAUSTIQUE	CHEMICAL	65
fraction_35	session_03	jury_06	UMAMI	UMAMI	5
fraction_35	session_03	jury_09	AMER	BITTER	330
fraction_35	session_03	jury_09	CRAIE	MOUTHFILLING	230
fraction_35	session_03	jury_10	AMER	BITTER	375
fraction_35	session_03	jury_10	GRAS	FATTY	0
fraction_35	session_03	jury_11	AMER	BITTER	315
fraction_35	session_03	jury_11	GRAS	FATTY	30
fraction_35	session_03	jury_11	SUCRE	SWEET	10
fraction_35	session_03	jury_13	TRES AMER	BITTER	260
fraction_35	session_03	jury_13	AMER COLLANT	MOUTHFILLING	280
fraction_35	session_03	jury_13	MINERAL	MINERALITY	165
fraction_35	session_03	jury_16	AMER	BITTER	280
fraction_35	session_03	jury_16	VOLUME	VOLUME	35
fraction_35	session_03	jury_16	ASTRINGENT	ASTRINGENT	270
fraction_36	session_03	jury_01	AMER	BITTER	145
fraction_36	session_03	jury_01	APRE/SUEUR	ACID	235
fraction_36	session_03	jury_01	CRAIE	MOUTHFILLING	0
fraction_36	session_03	jury_01	POIVRE	PUNGENT	0
fraction_36	session_03	jury_03	AMER	BITTER	0
fraction_36	session_03	jury_03	DEFAUT	OFFNOTE	0
fraction_36	session_03	jury_04	AMER	BITTER	30
fraction_36	session_03	jury_04	ACIDE	ACID	460
fraction_36	session_03	jury_05	GRAS	FATTY	235
fraction_36	session_03	jury_05	AMERTUME	BITTER	420
fraction_36	session_03	jury_05	ACIDITE	ACID	5
fraction_36	session_03	jury_06	AMER	BITTER	130
fraction_36	session_03	jury_06	GRAS	FATTY	20
fraction_36	session_03	jury_06	ENCAUSTIQUE	CHEMICAL	210
fraction_36	session_03	jury_06	UMAMI	UMAMI	5
fraction_36	session_03	jury_09	AMER	BITTER	330
fraction_36	session_03	jury_09	CRAIE	MOUTHFILLING	230
fraction_36	session_03	jury_10	AMER	BITTER	235
fraction_36	session_03	jury_10	GRAS	FATTY	75
fraction_36	session_03	jury_11	AMER	BITTER	205
fraction_36	session_03	jury_11	GRAS	FATTY	175
fraction_36	session_03	jury_11	SUCRE	SWEET	130
fraction_36	session_03	jury_13	TRES AMER	BITTER	195
fraction_36	session_03	jury_13	AMER COLLANT	MOUTHFILLING	345
fraction_36	session_03	jury_13	MINERAL	MINERALITY	315
fraction_36	session_03	jury_16	AMER	BITTER	30
fraction_36	session_03	jury_16	VOLUME	VOLUME	180
fraction_36	session_03	jury_16	ASTRINGENT	ASTRINGENT	20
fraction_37	session_03	jury_01	AMER	BITTER	265
fraction_37	session_03	jury_01	APRE/SUEUR	ACID	120
fraction_37	session_03	jury_01	CRAIE	MOUTHFILLING	0
fraction_37	session_03	jury_01	POIVRE	PUNGENT	0
fraction_37	session_03	jury_03	AMER	BITTER	0
fraction_37	session_03	jury_03	DEFAUT	OFFNOTE	140
fraction_37	session_03	jury_04	AMER	BITTER	35
fraction_37	session_03	jury_04	ACIDE	ACID	460
fraction_37	session_03	jury_05	GRAS	FATTY	235
fraction_37	session_03	jury_05	AMERTUME	BITTER	30
fraction_37	session_03	jury_05	ACIDITE	ACID	5
fraction_37	session_03	jury_06	AMER	BITTER	70
fraction_37	session_03	jury_06	GRAS	FATTY	185
fraction_37	session_03	jury_06	ENCAUSTIQUE	CHEMICAL	135
fraction_37	session_03	jury_06	UMAMI	UMAMI	70
fraction_37	session_03	jury_09	AMER	BITTER	150
fraction_37	session_03	jury_09	CRAIE	MOUTHFILLING	245
fraction_37	session_03	jury_10	AMER	BITTER	0
fraction_37	session_03	jury_10	GRAS	FATTY	195
fraction_37	session_03	jury_11	AMER	BITTER	200
fraction_37	session_03	jury_11	GRAS	FATTY	170
fraction_37	session_03	jury_11	SUCRE	SWEET	130
fraction_37	session_03	jury_13	TRES AMER	BITTER	180
fraction_37	session_03	jury_13	AMER COLLANT	MOUTHFILLING	330
fraction_37	session_03	jury_13	MINERAL	MINERALITY	315
fraction_37	session_03	jury_16	AMER	BITTER	75
fraction_37	session_03	jury_16	VOLUME	VOLUME	30
fraction_37	session_03	jury_16	ASTRINGENT	ASTRINGENT	65
fraction_38	session_03	jury_01	AMER	BITTER	140
fraction_38	session_03	jury_01	APRE/SUEUR	ACID	235
fraction_38	session_03	jury_01	CRAIE	MOUTHFILLING	0
fraction_38	session_03	jury_01	POIVRE	PUNGENT	0
fraction_38	session_03	jury_03	AMER	BITTER	0
fraction_38	session_03	jury_03	DEFAUT	OFFNOTE	150
fraction_38	session_03	jury_04	AMER	BITTER	30
fraction_38	session_03	jury_04	ACIDE	ACID	460
fraction_38	session_03	jury_05	GRAS	FATTY	30
fraction_38	session_03	jury_05	AMERTUME	BITTER	20
fraction_38	session_03	jury_05	ACIDITE	ACID	5
fraction_38	session_03	jury_06	AMER	BITTER	35
fraction_38	session_03	jury_06	GRAS	FATTY	250
fraction_38	session_03	jury_06	ENCAUSTIQUE	CHEMICAL	165
fraction_38	session_03	jury_06	UMAMI	UMAMI	65
fraction_38	session_03	jury_09	AMER	BITTER	155
fraction_38	session_03	jury_09	CRAIE	MOUTHFILLING	250
fraction_38	session_03	jury_10	AMER	BITTER	0
fraction_38	session_03	jury_10	GRAS	FATTY	215
fraction_38	session_03	jury_11	AMER	BITTER	200
fraction_38	session_03	jury_11	GRAS	FATTY	30
fraction_38	session_03	jury_11	SUCRE	SWEET	15
fraction_38	session_03	jury_13	TRES AMER	BITTER	355
fraction_38	session_03	jury_13	AMER COLLANT	MOUTHFILLING	210
fraction_38	session_03	jury_13	MINERAL	MINERALITY	260
fraction_38	session_03	jury_16	AMER	BITTER	75
fraction_38	session_03	jury_16	VOLUME	VOLUME	35
fraction_38	session_03	jury_16	ASTRINGENT	ASTRINGENT	65
fraction_39	session_03	jury_01	AMER	BITTER	145
fraction_39	session_03	jury_01	APRE/SUEUR	ACID	0
fraction_39	session_03	jury_01	CRAIE	MOUTHFILLING	90
fraction_39	session_03	jury_01	POIVRE	PUNGENT	0
fraction_39	session_03	jury_03	AMER	BITTER	0
fraction_39	session_03	jury_03	DEFAUT	OFFNOTE	0
fraction_39	session_03	jury_04	AMER	BITTER	35
fraction_39	session_03	jury_04	ACIDE	ACID	465
fraction_39	session_03	jury_05	GRAS	FATTY	40
fraction_39	session_03	jury_05	AMERTUME	BITTER	30
fraction_39	session_03	jury_05	ACIDITE	ACID	70
fraction_39	session_03	jury_06	AMER	BITTER	0
fraction_39	session_03	jury_06	GRAS	FATTY	160
fraction_39	session_03	jury_06	ENCAUSTIQUE	CHEMICAL	5
fraction_39	session_03	jury_06	UMAMI	UMAMI	225
fraction_39	session_03	jury_09	AMER	BITTER	15
fraction_39	session_03	jury_09	CRAIE	MOUTHFILLING	280
fraction_39	session_03	jury_10	AMER	BITTER	0
fraction_39	session_03	jury_10	GRAS	FATTY	200
fraction_39	session_03	jury_11	AMER	BITTER	200
fraction_39	session_03	jury_11	GRAS	FATTY	185
fraction_39	session_03	jury_11	SUCRE	SWEET	140
fraction_39	session_03	jury_13	TRES AMER	BITTER	80
fraction_39	session_03	jury_13	AMER COLLANT	MOUTHFILLING	75
fraction_39	session_03	jury_13	MINERAL	MINERALITY	365
fraction_39	session_03	jury_16	AMER	BITTER	30
fraction_39	session_03	jury_16	VOLUME	VOLUME	185
fraction_39	session_03	jury_16	ASTRINGENT	ASTRINGENT	15
fraction_40	session_04	jury_01	AMER	BITTER	7
fraction_40	session_04	jury_01	ASTRINGENT	ASTRINGENT	6.9
fraction_40	session_04	jury_01	PAPIER MOUILLÉ	CARTON	0
fraction_40	session_04	jury_03	AMERTUME	BITTER	8.2
fraction_40	session_04	jury_04	AMER	BITTER	9.7
fraction_40	session_04	jury_04	VOLUME	VOLUME	8.6
fraction_40	session_04	jury_04	PIQUANT	PUNGENT	9
fraction_40	session_04	jury_04	ACIDE	ACID	0.6
fraction_40	session_04	jury_05	GRAS	FATTY	1.2
fraction_40	session_04	jury_05	AMERTUME	BITTER	9.4
fraction_40	session_04	jury_05	FRAICHEUR	FRESH	0.1
fraction_40	session_04	jury_06	AMER	BITTER	8.7
fraction_40	session_04	jury_06	GRAS	FATTY	1
fraction_40	session_04	jury_07	AMER	BITTER	7.6
fraction_40	session_04	jury_07	GRAS	FATTY	1.4
fraction_40	session_04	jury_07	TENDU	ACID	6.8
fraction_40	session_04	jury_07	ASTRINGENT	ASTRINGENT	9.2
fraction_40	session_04	jury_09	AMERTUME	BITTER	9.4
fraction_40	session_04	jury_10	SUCRE	SWEET	0
fraction_40	session_04	jury_10	AMERTUME	BITTER	6.4
fraction_40	session_04	jury_11	AMER	BITTER	2.1
fraction_40	session_04	jury_11	BOISE	WOODY	1.6
fraction_40	session_04	jury_11	SUCRE	SWEET	3.3
fraction_40	session_04	jury_13	AMER	BITTER	6.9
fraction_40	session_04	jury_13	TRES AMER ACIDE	ACID	7.5
fraction_41	session_04	jury_01	AMER	BITTER	8.7
fraction_41	session_04	jury_01	ASTRINGENT	ASTRINGENT	6
fraction_41	session_04	jury_01	PAPIER MOUILLÉ	CARTON	0
fraction_41	session_04	jury_03	AMERTUME	BITTER	5
fraction_41	session_04	jury_04	AMER	BITTER	9.8
fraction_41	session_04	jury_04	VOLUME	VOLUME	8.7
fraction_41	session_04	jury_04	PIQUANT	PUNGENT	8.9
fraction_41	session_04	jury_04	ACIDE	ACID	0.4
fraction_41	session_04	jury_05	GRAS	FATTY	1.2
fraction_41	session_04	jury_05	AMERTUME	BITTER	7.5
fraction_41	session_04	jury_05	FRAICHEUR	FRESH	0.1
fraction_41	session_04	jury_06	AMER	BITTER	5.8
fraction_41	session_04	jury_06	GRAS	FATTY	2.8
fraction_41	session_04	jury_07	AMER	BITTER	0.6
fraction_41	session_04	jury_07	GRAS	FATTY	9.9
fraction_41	session_04	jury_07	TENDU	ACID	0.5
fraction_41	session_04	jury_07	ASTRINGENT	ASTRINGENT	0.1
fraction_41	session_04	jury_09	AMERTUME	BITTER	5.2
fraction_41	session_04	jury_10	SUCRE	SWEET	0
fraction_41	session_04	jury_10	AMERTUME	BITTER	3.7
fraction_41	session_04	jury_11	AMER	BITTER	4.3
fraction_41	session_04	jury_11	BOISE	WOODY	2.9
fraction_41	session_04	jury_11	SUCRE	SWEET	2.5
fraction_41	session_04	jury_13	AMER	BITTER	7.4
fraction_41	session_04	jury_13	TRES AMER ACIDE	ACID	8.8
fraction_42	session_04	jury_01	AMER	BITTER	5.8
fraction_42	session_04	jury_01	ASTRINGENT	ASTRINGENT	0.1
fraction_42	session_04	jury_01	PAPIER MOUILLÉ	CARTON	2
fraction_42	session_04	jury_03	AMERTUME	BITTER	7.2
fraction_42	session_04	jury_04	AMER	BITTER	9.6
fraction_42	session_04	jury_04	VOLUME	VOLUME	8.7
fraction_42	session_04	jury_04	PIQUANT	PUNGENT	8.8
fraction_42	session_04	jury_04	ACIDE	ACID	0.4
fraction_42	session_04	jury_05	GRAS	FATTY	1.2
fraction_42	session_04	jury_05	AMERTUME	BITTER	6.2
fraction_42	session_04	jury_05	FRAICHEUR	FRESH	0.1
fraction_42	session_04	jury_06	AMER	BITTER	4.2
fraction_42	session_04	jury_06	GRAS	FATTY	4.1
fraction_42	session_04	jury_07	AMER	BITTER	8.6
fraction_42	session_04	jury_07	GRAS	FATTY	2.3
fraction_42	session_04	jury_07	TENDU	ACID	8.3
fraction_42	session_04	jury_07	ASTRINGENT	ASTRINGENT	0.1
fraction_42	session_04	jury_09	AMERTUME	BITTER	7.3
fraction_42	session_04	jury_10	SUCRE	SWEET	3.9
fraction_42	session_04	jury_10	AMERTUME	BITTER	0
fraction_42	session_04	jury_11	AMER	BITTER	2.1
fraction_42	session_04	jury_11	BOISE	WOODY	1.1
fraction_42	session_04	jury_11	SUCRE	SWEET	3.6
fraction_42	session_04	jury_13	AMER	BITTER	7.3
fraction_42	session_04	jury_13	TRES AMER ACIDE	ACID	8.7
fraction_43	session_04	jury_01	AMER	BITTER	5.9
fraction_43	session_04	jury_01	ASTRINGENT	ASTRINGENT	0
fraction_43	session_04	jury_01	PAPIER MOUILLÉ	CARTON	2
fraction_43	session_04	jury_03	AMERTUME	BITTER	5
fraction_43	session_04	jury_04	AMER	BITTER	4.9
fraction_43	session_04	jury_04	VOLUME	VOLUME	8.1
fraction_43	session_04	jury_04	PIQUANT	PUNGENT	7.3
fraction_43	session_04	jury_04	ACIDE	ACID	3.2
fraction_43	session_04	jury_05	GRAS	FATTY	1.3
fraction_43	session_04	jury_05	AMERTUME	BITTER	0.9
fraction_43	session_04	jury_05	FRAICHEUR	FRESH	2.3
fraction_43	session_04	jury_06	AMER	BITTER	2.4
fraction_43	session_04	jury_06	GRAS	FATTY	3.2
fraction_43	session_04	jury_07	AMER	BITTER	2.9
fraction_43	session_04	jury_07	GRAS	FATTY	0.7
fraction_43	session_04	jury_07	TENDU	ACID	9.4
fraction_43	session_04	jury_07	ASTRINGENT	ASTRINGENT	0.1
fraction_43	session_04	jury_09	AMERTUME	BITTER	3.4
fraction_43	session_04	jury_10	SUCRE	SWEET	2
fraction_43	session_04	jury_10	AMERTUME	BITTER	1.7
fraction_43	session_04	jury_11	AMER	BITTER	4.3
fraction_43	session_04	jury_11	BOISE	WOODY	0.6
fraction_43	session_04	jury_11	SUCRE	SWEET	1.7
fraction_43	session_04	jury_13	AMER	BITTER	6.9
fraction_43	session_04	jury_13	TRES AMER ACIDE	ACID	7.6
fraction_44	session_04	jury_01	AMER	BITTER	2.1
fraction_44	session_04	jury_01	ASTRINGENT	ASTRINGENT	0.1
fraction_44	session_04	jury_01	PAPIER MOUILLÉ	CARTON	1.9
fraction_44	session_04	jury_03	AMERTUME	BITTER	2.6
fraction_44	session_04	jury_04	AMER	BITTER	1.1
fraction_44	session_04	jury_04	VOLUME	VOLUME	8.7
fraction_44	session_04	jury_04	PIQUANT	PUNGENT	1.8
fraction_44	session_04	jury_04	ACIDE	ACID	3.4
fraction_44	session_04	jury_05	GRAS	FATTY	4.5
fraction_44	session_04	jury_05	AMERTUME	BITTER	0.9
fraction_44	session_04	jury_05	FRAICHEUR	FRESH	0.1
fraction_44	session_04	jury_06	AMER	BITTER	0.4
fraction_44	session_04	jury_06	GRAS	FATTY	4
fraction_44	session_04	jury_07	AMER	BITTER	0.5
fraction_44	session_04	jury_07	GRAS	FATTY	9.9
fraction_44	session_04	jury_07	TENDU	ACID	0.6
fraction_44	session_04	jury_07	ASTRINGENT	ASTRINGENT	0.1
fraction_44	session_04	jury_09	AMERTUME	BITTER	5.3
fraction_44	session_04	jury_10	SUCRE	SWEET	1.9
fraction_44	session_04	jury_10	AMERTUME	BITTER	1.6
fraction_44	session_04	jury_11	AMER	BITTER	2.1
fraction_44	session_04	jury_11	BOISE	WOODY	1.7
fraction_44	session_04	jury_11	SUCRE	SWEET	3.6
fraction_44	session_04	jury_13	AMER	BITTER	5.1
fraction_44	session_04	jury_13	TRES AMER ACIDE	ACID	6
fraction_45	session_04	jury_01	AMER	BITTER	3.7
fraction_45	session_04	jury_01	ASTRINGENT	ASTRINGENT	0
fraction_45	session_04	jury_01	PAPIER MOUILLÉ	CARTON	2
fraction_45	session_04	jury_03	AMERTUME	BITTER	1.2
fraction_45	session_04	jury_04	AMER	BITTER	0.9
fraction_45	session_04	jury_04	VOLUME	VOLUME	4.1
fraction_45	session_04	jury_04	PIQUANT	PUNGENT	1.7
fraction_45	session_04	jury_04	ACIDE	ACID	3.3
fraction_45	session_04	jury_05	GRAS	FATTY	3.1
fraction_45	session_04	jury_05	AMERTUME	BITTER	0.8
fraction_45	session_04	jury_05	FRAICHEUR	FRESH	2.2
fraction_45	session_04	jury_06	AMER	BITTER	0.1
fraction_45	session_04	jury_06	GRAS	FATTY	6.8
fraction_45	session_04	jury_07	AMER	BITTER	0.1
fraction_45	session_04	jury_07	GRAS	FATTY	0.1
fraction_45	session_04	jury_07	TENDU	ACID	9.9
fraction_45	session_04	jury_07	ASTRINGENT	ASTRINGENT	0.1
fraction_45	session_04	jury_09	AMERTUME	BITTER	1.7
fraction_45	session_04	jury_10	SUCRE	SWEET	0
fraction_45	session_04	jury_10	AMERTUME	BITTER	1.8
fraction_45	session_04	jury_11	AMER	BITTER	1.9
fraction_45	session_04	jury_11	BOISE	WOODY	1.7
fraction_45	session_04	jury_11	SUCRE	SWEET	1.4
fraction_45	session_04	jury_13	AMER	BITTER	5.2
fraction_45	session_04	jury_13	TRES AMER ACIDE	ACID	5.7
fraction_46	session_05	jury_03	TERRE DE SILICE	MOUTHFILLING	4.7
fraction_46	session_05	jury_04	VOLUME	VOLUME	8.9
fraction_46	session_05	jury_04	ACIDITÉ	ACID	8.8
fraction_46	session_05	jury_05	GRAS	FATTY	4.5
fraction_46	session_05	jury_05	AMERTUME	BITTER	0.1
fraction_46	session_05	jury_05	ACIDITE	ACID	0
fraction_46	session_05	jury_05	SALINITE	SALTY	1
fraction_46	session_05	jury_05	PIQUANT	PUNGENT	2.1
fraction_46	session_05	jury_06	UMAMI	UMAMI	0
fraction_46	session_05	jury_06	AMER	BITTER	0
fraction_46	session_05	jury_07	VOLUME	VOLUME	6.4
fraction_46	session_05	jury_07	FRAÎCHEUR	FRESH	0.3
fraction_46	session_05	jury_07	ASTRINGENCE	ASTRINGENT	4.3
fraction_46	session_05	jury_09	AMER	BITTER	7.6
fraction_46	session_05	jury_09	CRAIE	MOUTHFILLING	7.8
fraction_46	session_05	jury_10	SUCRE	SWEET	2.2
fraction_46	session_05	jury_10	ASSECHANT	ASTRINGENT	1.3
fraction_46	session_05	jury_11	AMER	BITTER	3.6
fraction_46	session_05	jury_11	GRAS	FATTY	3.5
fraction_46	session_05	jury_11	SUCRE	SWEET	1.5
fraction_46	session_05	jury_12	AMER	BITTER	0
fraction_46	session_05	jury_12	HUILEUX	FATTY	5
fraction_46	session_05	jury_12	FRAIS	FRESH	7.9
fraction_46	session_05	jury_12	ACIDE	ACID	0
fraction_46	session_05	jury_13	SEC TANIQUE	ACID	3.7
fraction_46	session_05	jury_13	SEC TANIQUE	ASTRINGENT	3.7
fraction_46	session_05	jury_13	AMER ACIDE	BITTER	6.9
fraction_46	session_05	jury_16	AMERE	BITTER	1.2
fraction_46	session_05	jury_16	VOLUME	VOLUME	2
fraction_46	session_05	jury_16	DOUX	SWEET	4.6
fraction_47	session_05	jury_03	TERRE DE SILICE	MOUTHFILLING	4.9
fraction_47	session_05	jury_04	VOLUME	VOLUME	0.9
fraction_47	session_05	jury_04	ACIDITÉ	ACID	8.8
fraction_47	session_05	jury_05	GRAS	FATTY	8.6
fraction_47	session_05	jury_05	AMERTUME	BITTER	1.7
fraction_47	session_05	jury_05	ACIDITE	ACID	0
fraction_47	session_05	jury_05	SALINITE	SALTY	0
fraction_47	session_05	jury_05	PIQUANT	PUNGENT	1
fraction_47	session_05	jury_06	UMAMI	UMAMI	2.8
fraction_47	session_05	jury_06	AMER	BITTER	0
fraction_47	session_05	jury_07	VOLUME	VOLUME	2.6
fraction_47	session_05	jury_07	FRAÎCHEUR	FRESH	0.3
fraction_47	session_05	jury_07	ASTRINGENCE	ASTRINGENT	10
fraction_47	session_05	jury_09	AMER	BITTER	4.5
fraction_47	session_05	jury_09	CRAIE	MOUTHFILLING	4.6
fraction_47	session_05	jury_10	SUCRE	SWEET	0
fraction_47	session_05	jury_10	ASSECHANT	ASTRINGENT	0
fraction_47	session_05	jury_11	AMER	BITTER	5.5
fraction_47	session_05	jury_11	GRAS	FATTY	3.9
fraction_47	session_05	jury_11	SUCRE	SWEET	1.3
fraction_47	session_05	jury_12	AMER	BITTER	0.9
fraction_47	session_05	jury_12	HUILEUX	FATTY	3.1
fraction_47	session_05	jury_12	FRAIS	FRESH	9
fraction_47	session_05	jury_12	ACIDE	ACID	0
fraction_47	session_05	jury_13	SEC TANIQUE	ACID	4.4
fraction_47	session_05	jury_13	SEC TANIQUE	ASTRINGENT	4.4
fraction_47	session_05	jury_13	AMER ACIDE	BITTER	5.4
fraction_47	session_05	jury_16	AMERE	BITTER	5.7
fraction_47	session_05	jury_16	VOLUME	VOLUME	2.9
fraction_47	session_05	jury_16	DOUX	SWEET	2.4
fraction_48	session_05	jury_03	TERRE DE SILICE	MOUTHFILLING	7.5
fraction_48	session_05	jury_04	VOLUME	VOLUME	4.7
fraction_48	session_05	jury_04	ACIDITÉ	ACID	5.1
fraction_48	session_05	jury_05	GRAS	FATTY	4.5
fraction_48	session_05	jury_05	AMERTUME	BITTER	4.7
fraction_48	session_05	jury_05	ACIDITE	ACID	1
fraction_48	session_05	jury_05	SALINITE	SALTY	0
fraction_48	session_05	jury_05	PIQUANT	PUNGENT	0
fraction_48	session_05	jury_06	UMAMI	UMAMI	0.9
fraction_48	session_05	jury_06	AMER	BITTER	0
fraction_48	session_05	jury_07	VOLUME	VOLUME	1
fraction_48	session_05	jury_07	FRAÎCHEUR	FRESH	7.6
fraction_48	session_05	jury_07	ASTRINGENCE	ASTRINGENT	7
fraction_48	session_05	jury_09	AMER	BITTER	7.6
fraction_48	session_05	jury_09	CRAIE	MOUTHFILLING	7.9
fraction_48	session_05	jury_10	SUCRE	SWEET	0
fraction_48	session_05	jury_10	ASSECHANT	ASTRINGENT	1.9
fraction_48	session_05	jury_11	AMER	BITTER	5.5
fraction_48	session_05	jury_11	GRAS	FATTY	3.9
fraction_48	session_05	jury_11	SUCRE	SWEET	1.4
fraction_48	session_05	jury_12	AMER	BITTER	2.9
fraction_48	session_05	jury_12	HUILEUX	FATTY	5
fraction_48	session_05	jury_12	FRAIS	FRESH	4.7
fraction_48	session_05	jury_12	ACIDE	ACID	0
fraction_48	session_05	jury_13	SEC TANIQUE	ACID	3
fraction_48	session_05	jury_13	SEC TANIQUE	ASTRINGENT	3
fraction_48	session_05	jury_13	AMER ACIDE	BITTER	5.7
fraction_48	session_05	jury_16	AMERE	BITTER	3.2
fraction_48	session_05	jury_16	VOLUME	VOLUME	2
fraction_48	session_05	jury_16	DOUX	SWEET	1.3
fraction_50	session_05	jury_03	TERRE DE SILICE	MOUTHFILLING	6.6
fraction_50	session_05	jury_04	VOLUME	VOLUME	0.9
fraction_50	session_05	jury_04	ACIDITÉ	ACID	8.9
fraction_50	session_05	jury_05	GRAS	FATTY	1.1
fraction_50	session_05	jury_05	AMERTUME	BITTER	1.7
fraction_50	session_05	jury_05	ACIDITE	ACID	0
fraction_50	session_05	jury_05	SALINITE	SALTY	0
fraction_50	session_05	jury_05	PIQUANT	PUNGENT	1
fraction_50	session_05	jury_06	UMAMI	UMAMI	0
fraction_50	session_05	jury_06	AMER	BITTER	0.8
fraction_50	session_05	jury_07	VOLUME	VOLUME	0.1
fraction_50	session_05	jury_07	FRAÎCHEUR	FRESH	9.5
fraction_50	session_05	jury_07	ASTRINGENCE	ASTRINGENT	2
fraction_50	session_05	jury_09	AMER	BITTER	1.6
fraction_50	session_05	jury_09	CRAIE	MOUTHFILLING	1.7
fraction_50	session_05	jury_10	SUCRE	SWEET	0
fraction_50	session_05	jury_10	ASSECHANT	ASTRINGENT	0
fraction_50	session_05	jury_11	AMER	BITTER	2.2
fraction_50	session_05	jury_11	GRAS	FATTY	3
fraction_50	session_05	jury_11	SUCRE	SWEET	1.5
fraction_50	session_05	jury_12	AMER	BITTER	0
fraction_50	session_05	jury_12	HUILEUX	FATTY	5
fraction_50	session_05	jury_12	FRAIS	FRESH	4.7
fraction_50	session_05	jury_12	ACIDE	ACID	1.2
fraction_50	session_05	jury_13	SEC TANIQUE	ACID	4.5
fraction_50	session_05	jury_13	SEC TANIQUE	ASTRINGENT	4.5
fraction_50	session_05	jury_13	AMER ACIDE	BITTER	6.9
fraction_50	session_05	jury_16	AMERE	BITTER	3.2
fraction_50	session_05	jury_16	VOLUME	VOLUME	2
fraction_50	session_05	jury_16	DOUX	SWEET	1.4
fraction_51	session_05	jury_03	TERRE DE SILICE	MOUTHFILLING	7.4
fraction_51	session_05	jury_04	VOLUME	VOLUME	4.6
fraction_51	session_05	jury_04	ACIDITÉ	ACID	5.1
fraction_51	session_05	jury_05	GRAS	FATTY	4.5
fraction_51	session_05	jury_05	AMERTUME	BITTER	1.5
fraction_51	session_05	jury_05	ACIDITE	ACID	1
fraction_51	session_05	jury_05	SALINITE	SALTY	0
fraction_51	session_05	jury_05	PIQUANT	PUNGENT	0
fraction_51	session_05	jury_06	UMAMI	UMAMI	0.1
fraction_51	session_05	jury_06	AMER	BITTER	2.6
fraction_51	session_05	jury_07	VOLUME	VOLUME	3.6
fraction_51	session_05	jury_07	FRAÎCHEUR	FRESH	0.3
fraction_51	session_05	jury_07	ASTRINGENCE	ASTRINGENT	1.8
fraction_51	session_05	jury_09	AMER	BITTER	1.6
fraction_51	session_05	jury_09	CRAIE	MOUTHFILLING	1.7
fraction_51	session_05	jury_10	SUCRE	SWEET	0
fraction_51	session_05	jury_10	ASSECHANT	ASTRINGENT	10
fraction_51	session_05	jury_11	AMER	BITTER	2.2
fraction_51	session_05	jury_11	GRAS	FATTY	3
fraction_51	session_05	jury_11	SUCRE	SWEET	1.7
fraction_51	session_05	jury_12	AMER	BITTER	0
fraction_51	session_05	jury_12	HUILEUX	FATTY	3.1
fraction_51	session_05	jury_12	FRAIS	FRESH	6.9
fraction_51	session_05	jury_12	ACIDE	ACID	2.3
fraction_51	session_05	jury_13	SEC TANIQUE	ACID	7.9
fraction_51	session_05	jury_13	SEC TANIQUE	ASTRINGENT	7.9
fraction_51	session_05	jury_13	AMER ACIDE	BITTER	2.6
fraction_51	session_05	jury_16	AMERE	BITTER	3.3
fraction_51	session_05	jury_16	VOLUME	VOLUME	2.9
fraction_51	session_05	jury_16	DOUX	SWEET	2.5
fraction_52	session_05	jury_03	TERRE DE SILICE	MOUTHFILLING	3.8
fraction_52	session_05	jury_04	VOLUME	VOLUME	9
fraction_52	session_05	jury_04	ACIDITÉ	ACID	8.9
fraction_52	session_05	jury_05	GRAS	FATTY	4.5
fraction_52	session_05	jury_05	AMERTUME	BITTER	1.6
fraction_52	session_05	jury_05	ACIDITE	ACID	0
fraction_52	session_05	jury_05	SALINITE	SALTY	1.8
fraction_52	session_05	jury_05	PIQUANT	PUNGENT	1
fraction_52	session_05	jury_06	UMAMI	UMAMI	1.9
fraction_52	session_05	jury_06	AMER	BITTER	0.1
fraction_52	session_05	jury_07	VOLUME	VOLUME	1
fraction_52	session_05	jury_07	FRAÎCHEUR	FRESH	6.1
fraction_52	session_05	jury_07	ASTRINGENCE	ASTRINGENT	4.9
fraction_52	session_05	jury_09	AMER	BITTER	7.6
fraction_52	session_05	jury_09	CRAIE	MOUTHFILLING	7.9
fraction_52	session_05	jury_10	SUCRE	SWEET	0.6
fraction_52	session_05	jury_10	ASSECHANT	ASTRINGENT	6
fraction_52	session_05	jury_11	AMER	BITTER	3.7
fraction_52	session_05	jury_11	GRAS	FATTY	3.1
fraction_52	session_05	jury_11	SUCRE	SWEET	4.3
fraction_52	session_05	jury_12	AMER	BITTER	0
fraction_52	session_05	jury_12	HUILEUX	FATTY	3.1
fraction_52	session_05	jury_12	FRAIS	FRESH	6.8
fraction_52	session_05	jury_12	ACIDE	ACID	0
fraction_52	session_05	jury_13	SEC TANIQUE	ACID	5.7
fraction_52	session_05	jury_13	SEC TANIQUE	ASTRINGENT	5.7
fraction_52	session_05	jury_13	AMER ACIDE	BITTER	7.9
fraction_52	session_05	jury_16	AMERE	BITTER	1.2
fraction_52	session_05	jury_16	VOLUME	VOLUME	4.4
fraction_52	session_05	jury_16	DOUX	SWEET	2.5
fraction_53	session_05	jury_03	TERRE DE SILICE	MOUTHFILLING	8
fraction_53	session_05	jury_04	VOLUME	VOLUME	4.5
fraction_53	session_05	jury_04	ACIDITÉ	ACID	5
fraction_53	session_05	jury_05	GRAS	FATTY	1.1
fraction_53	session_05	jury_05	AMERTUME	BITTER	1.7
fraction_53	session_05	jury_05	ACIDITE	ACID	1.9
fraction_53	session_05	jury_05	SALINITE	SALTY	0
fraction_53	session_05	jury_05	PIQUANT	PUNGENT	0
fraction_53	session_05	jury_06	UMAMI	UMAMI	3.9
fraction_53	session_05	jury_06	AMER	BITTER	4.2
fraction_53	session_05	jury_07	VOLUME	VOLUME	0.3
fraction_53	session_05	jury_07	FRAÎCHEUR	FRESH	7.7
fraction_53	session_05	jury_07	ASTRINGENCE	ASTRINGENT	8.4
fraction_53	session_05	jury_09	AMER	BITTER	4.5
fraction_53	session_05	jury_09	CRAIE	MOUTHFILLING	4.6
fraction_53	session_05	jury_10	SUCRE	SWEET	0
fraction_53	session_05	jury_10	ASSECHANT	ASTRINGENT	2
fraction_53	session_05	jury_11	AMER	BITTER	3.3
fraction_53	session_05	jury_11	GRAS	FATTY	3.4
fraction_53	session_05	jury_11	SUCRE	SWEET	1.4
fraction_53	session_05	jury_12	AMER	BITTER	0
fraction_53	session_05	jury_12	HUILEUX	FATTY	7.3
fraction_53	session_05	jury_12	FRAIS	FRESH	0
fraction_53	session_05	jury_12	ACIDE	ACID	0
fraction_53	session_05	jury_13	SEC TANIQUE	ACID	7.2
fraction_53	session_05	jury_13	SEC TANIQUE	ASTRINGENT	7.2
fraction_53	session_05	jury_13	AMER ACIDE	BITTER	3.3
fraction_53	session_05	jury_16	AMERE	BITTER	1.2
fraction_53	session_05	jury_16	VOLUME	VOLUME	2.1
fraction_53	session_05	jury_16	DOUX	SWEET	4.7
fraction_54	session_05	jury_03	TERRE DE SILICE	MOUTHFILLING	5.7
fraction_54	session_05	jury_04	VOLUME	VOLUME	0.9
fraction_54	session_05	jury_04	ACIDITÉ	ACID	5.9
fraction_54	session_05	jury_05	GRAS	FATTY	8.6
fraction_54	session_05	jury_05	AMERTUME	BITTER	4.5
fraction_54	session_05	jury_05	ACIDITE	ACID	1
fraction_54	session_05	jury_05	SALINITE	SALTY	0
fraction_54	session_05	jury_05	PIQUANT	PUNGENT	1
fraction_54	session_05	jury_06	UMAMI	UMAMI	0.1
fraction_54	session_05	jury_06	AMER	BITTER	0
fraction_54	session_05	jury_07	VOLUME	VOLUME	6.3
fraction_54	session_05	jury_07	FRAÎCHEUR	FRESH	0.3
fraction_54	session_05	jury_07	ASTRINGENCE	ASTRINGENT	5.7
fraction_54	session_05	jury_09	AMER	BITTER	4.5
fraction_54	session_05	jury_09	CRAIE	MOUTHFILLING	4.6
fraction_54	session_05	jury_10	SUCRE	SWEET	0
fraction_54	session_05	jury_10	ASSECHANT	ASTRINGENT	10
fraction_54	session_05	jury_11	AMER	BITTER	5
fraction_54	session_05	jury_11	GRAS	FATTY	3.9
fraction_54	session_05	jury_11	SUCRE	SWEET	1.3
fraction_54	session_05	jury_12	AMER	BITTER	2
fraction_54	session_05	jury_12	HUILEUX	FATTY	5
fraction_54	session_05	jury_12	FRAIS	FRESH	7.9
fraction_54	session_05	jury_12	ACIDE	ACID	0
fraction_54	session_05	jury_13	SEC TANIQUE	ACID	3.7
fraction_54	session_05	jury_13	SEC TANIQUE	ASTRINGENT	3.7
fraction_54	session_05	jury_13	AMER ACIDE	BITTER	5
fraction_54	session_05	jury_16	AMERE	BITTER	3.3
fraction_54	session_05	jury_16	VOLUME	VOLUME	2.1
fraction_54	session_05	jury_16	DOUX	SWEET	1.3
fraction_55	session_06	jury_01	BOISÉ	WOODY	2.4
fraction_55	session_06	jury_03	GRAS	FATTY	0
fraction_55	session_06	jury_03	AMER	BITTER	0.4
fraction_55	session_06	jury_03	SUCRE	SWEET	0
fraction_55	session_06	jury_05	AMERTUME	BITTER	6.3
fraction_55	session_06	jury_05	GRAS	FATTY	0
fraction_55	session_06	jury_05	SALINITE	SALTY	0
fraction_55	session_06	jury_05	SUCROSITE	SWEET	0.1
fraction_55	session_06	jury_07	GRAS	FATTY	4.9
fraction_55	session_06	jury_07	FRAÎCHEUR	FRESH	6.9
fraction_55	session_06	jury_08	AMERTUME	BITTER	0
fraction_55	session_06	jury_08	GRAS	FATTY	1.4
fraction_55	session_06	jury_08	ASTRINGENCE	ASTRINGENT	2
fraction_55	session_06	jury_08	SALINITE	SALTY	0
fraction_55	session_06	jury_08	SUCROSITE	SWEET	0
fraction_55	session_06	jury_08	ACIDITE	ACID	0
fraction_55	session_06	jury_08	CARTON	CARTON	0
fraction_55	session_06	jury_09	AMERTUME	BITTER	3.8
fraction_55	session_06	jury_13	FRAIS	FRESH	7.2
fraction_55	session_06	jury_13	AMER	BITTER	1.6
fraction_55	session_06	jury_13	MINERAL	MINERALITY	6.8
fraction_55	session_06	jury_13	ASSECHANT	ASTRINGENT	5
fraction_55	session_06	jury_14	AMERTUME	BITTER	2
fraction_55	session_06	jury_14	GRAS	FATTY	3.5
fraction_55	session_06	jury_14	BOISE	WOODY	2.1
fraction_55	session_06	jury_14	ASTRINGENCE	ASTRINGENT	0.4
fraction_55	session_06	jury_15	UMAMI	UMAMI	4.8
fraction_55	session_06	jury_15	FRAIS	FRESH	0
fraction_55	session_06	jury_15	SALÉ	SALTY	8.9
fraction_55	session_06	jury_15	AMERTUME	BITTER	1.3
fraction_55	session_06	jury_15	GRAS	FATTY	8.5
fraction_55	session_06	jury_16	AQUEUX	""	10
fraction_55	session_06	jury_16	AMERE	BITTER	0
fraction_55	session_06	jury_16	VOLUIME	VOLUME	0.1
fraction_56	session_06	jury_01	BOISÉ	WOODY	2.5
fraction_56	session_06	jury_03	GRAS	FATTY	0
fraction_56	session_06	jury_03	AMER	BITTER	0
fraction_56	session_06	jury_03	SUCRE	SWEET	0.1
fraction_56	session_06	jury_05	AMERTUME	BITTER	9.6
fraction_56	session_06	jury_05	GRAS	FATTY	0
fraction_56	session_06	jury_05	SALINITE	SALTY	0.1
fraction_56	session_06	jury_05	SUCROSITE	SWEET	0.1
fraction_56	session_06	jury_07	GRAS	FATTY	7.1
fraction_56	session_06	jury_07	FRAÎCHEUR	FRESH	1.7
fraction_56	session_06	jury_08	AMERTUME	BITTER	4
fraction_56	session_06	jury_08	GRAS	FATTY	2.7
fraction_56	session_06	jury_08	ASTRINGENCE	ASTRINGENT	0
fraction_56	session_06	jury_08	SALINITE	SALTY	0
fraction_56	session_06	jury_08	SUCROSITE	SWEET	0.9
fraction_56	session_06	jury_08	ACIDITE	ACID	0
fraction_56	session_06	jury_08	CARTON	CARTON	0
fraction_56	session_06	jury_09	AMERTUME	BITTER	1.9
fraction_56	session_06	jury_13	FRAIS	FRESH	3
fraction_56	session_06	jury_13	AMER	BITTER	1.1
fraction_56	session_06	jury_13	MINERAL	MINERALITY	4.9
fraction_56	session_06	jury_13	ASSECHANT	ASTRINGENT	4.4
fraction_56	session_06	jury_14	AMERTUME	BITTER	2.1
fraction_56	session_06	jury_14	GRAS	FATTY	0
fraction_56	session_06	jury_14	BOISE	WOODY	1.3
fraction_56	session_06	jury_14	ASTRINGENCE	ASTRINGENT	0
fraction_56	session_06	jury_15	UMAMI	UMAMI	4.8
fraction_56	session_06	jury_15	FRAIS	FRESH	0
fraction_56	session_06	jury_15	SALÉ	SALTY	8.9
fraction_56	session_06	jury_15	AMERTUME	BITTER	1.3
fraction_56	session_06	jury_15	GRAS	FATTY	8.5
fraction_56	session_06	jury_16	AQUEUX	""	5.8
fraction_56	session_06	jury_16	AMERE	BITTER	7.8
fraction_56	session_06	jury_16	VOLUIME	VOLUME	0.1
fraction_57	session_06	jury_01	BOISÉ	WOODY	2.4
fraction_57	session_06	jury_03	GRAS	FATTY	0
fraction_57	session_06	jury_03	AMER	BITTER	0
fraction_57	session_06	jury_03	SUCRE	SWEET	0.1
fraction_57	session_06	jury_05	AMERTUME	BITTER	4
fraction_57	session_06	jury_05	GRAS	FATTY	0.1
fraction_57	session_06	jury_05	SALINITE	SALTY	0.1
fraction_57	session_06	jury_05	SUCROSITE	SWEET	0
fraction_57	session_06	jury_07	GRAS	FATTY	4.1
fraction_57	session_06	jury_07	FRAÎCHEUR	FRESH	7.6
fraction_57	session_06	jury_08	AMERTUME	BITTER	0
fraction_57	session_06	jury_08	GRAS	FATTY	0
fraction_57	session_06	jury_08	ASTRINGENCE	ASTRINGENT	3.6
fraction_57	session_06	jury_08	SALINITE	SALTY	3.4
fraction_57	session_06	jury_08	SUCROSITE	SWEET	0
fraction_57	session_06	jury_08	ACIDITE	ACID	0
fraction_57	session_06	jury_08	CARTON	CARTON	3.3
fraction_57	session_06	jury_09	AMERTUME	BITTER	3.8
fraction_57	session_06	jury_13	FRAIS	FRESH	3.2
fraction_57	session_06	jury_13	AMER	BITTER	7.3
fraction_57	session_06	jury_13	MINERAL	MINERALITY	6.1
fraction_57	session_06	jury_13	ASSECHANT	ASTRINGENT	7.9
fraction_57	session_06	jury_14	AMERTUME	BITTER	1.2
fraction_57	session_06	jury_14	GRAS	FATTY	2.7
fraction_57	session_06	jury_14	BOISE	WOODY	0
fraction_57	session_06	jury_14	ASTRINGENCE	ASTRINGENT	3.1
fraction_57	session_06	jury_15	UMAMI	UMAMI	2
fraction_57	session_06	jury_15	FRAIS	FRESH	0
fraction_57	session_06	jury_15	SALÉ	SALTY	4.6
fraction_57	session_06	jury_15	AMERTUME	BITTER	2.4
fraction_57	session_06	jury_15	GRAS	FATTY	0
fraction_57	session_06	jury_16	AQUEUX	""	5.8
fraction_57	session_06	jury_16	AMERE	BITTER	0
fraction_57	session_06	jury_16	VOLUIME	VOLUME	0.1
fraction_58	session_06	jury_01	BOISÉ	WOODY	2.4
fraction_58	session_06	jury_03	GRAS	FATTY	0
fraction_58	session_06	jury_03	AMER	BITTER	0
fraction_58	session_06	jury_03	SUCRE	SWEET	0.1
fraction_58	session_06	jury_05	AMERTUME	BITTER	0.1
fraction_58	session_06	jury_05	GRAS	FATTY	2.2
fraction_58	session_06	jury_05	SALINITE	SALTY	0.1
fraction_58	session_06	jury_05	SUCROSITE	SWEET	3
fraction_58	session_06	jury_07	GRAS	FATTY	3
fraction_58	session_06	jury_07	FRAÎCHEUR	FRESH	7.2
fraction_58	session_06	jury_08	AMERTUME	BITTER	1.6
fraction_58	session_06	jury_08	GRAS	FATTY	0
fraction_58	session_06	jury_08	ASTRINGENCE	ASTRINGENT	3.2
fraction_58	session_06	jury_08	SALINITE	SALTY	1.6
fraction_58	session_06	jury_08	SUCROSITE	SWEET	0
fraction_58	session_06	jury_08	ACIDITE	ACID	0
fraction_58	session_06	jury_08	CARTON	CARTON	1.5
fraction_58	session_06	jury_09	AMERTUME	BITTER	3.9
fraction_58	session_06	jury_13	FRAIS	FRESH	2.8
fraction_58	session_06	jury_13	AMER	BITTER	4.8
fraction_58	session_06	jury_13	MINERAL	MINERALITY	1.7
fraction_58	session_06	jury_13	ASSECHANT	ASTRINGENT	5.6
fraction_58	session_06	jury_14	AMERTUME	BITTER	0
fraction_58	session_06	jury_14	GRAS	FATTY	0
fraction_58	session_06	jury_14	BOISE	WOODY	2.2
fraction_58	session_06	jury_14	ASTRINGENCE	ASTRINGENT	3.1
fraction_58	session_06	jury_15	UMAMI	UMAMI	4.8
fraction_58	session_06	jury_15	FRAIS	FRESH	0
fraction_58	session_06	jury_15	SALÉ	SALTY	1.4
fraction_58	session_06	jury_15	AMERTUME	BITTER	6
fraction_58	session_06	jury_15	GRAS	FATTY	0
fraction_58	session_06	jury_16	AQUEUX	""	10
fraction_58	session_06	jury_16	AMERE	BITTER	0
fraction_58	session_06	jury_16	VOLUIME	VOLUME	0.1
fraction_59	session_06	jury_01	BOISÉ	WOODY	2.4
fraction_59	session_06	jury_03	GRAS	FATTY	0
fraction_59	session_06	jury_03	AMER	BITTER	0.2
fraction_59	session_06	jury_03	SUCRE	SWEET	0
fraction_59	session_06	jury_05	AMERTUME	BITTER	0.1
fraction_59	session_06	jury_05	GRAS	FATTY	3.3
fraction_59	session_06	jury_05	SALINITE	SALTY	0.1
fraction_59	session_06	jury_05	SUCROSITE	SWEET	0.1
fraction_59	session_06	jury_07	GRAS	FATTY	1.2
fraction_59	session_06	jury_07	FRAÎCHEUR	FRESH	7.1
fraction_59	session_06	jury_08	AMERTUME	BITTER	0
fraction_59	session_06	jury_08	GRAS	FATTY	0
fraction_59	session_06	jury_08	ASTRINGENCE	ASTRINGENT	3.6
fraction_59	session_06	jury_08	SALINITE	SALTY	0
fraction_59	session_06	jury_08	SUCROSITE	SWEET	0
fraction_59	session_06	jury_08	ACIDITE	ACID	1
fraction_59	session_06	jury_08	CARTON	CARTON	0
fraction_59	session_06	jury_09	AMERTUME	BITTER	3.8
fraction_59	session_06	jury_13	FRAIS	FRESH	7
fraction_59	session_06	jury_13	AMER	BITTER	4
fraction_59	session_06	jury_13	MINERAL	MINERALITY	7.6
fraction_59	session_06	jury_13	ASSECHANT	ASTRINGENT	2.4
fraction_59	session_06	jury_14	AMERTUME	BITTER	0
fraction_59	session_06	jury_14	GRAS	FATTY	3.6
fraction_59	session_06	jury_14	BOISE	WOODY	0
fraction_59	session_06	jury_14	ASTRINGENCE	ASTRINGENT	0
fraction_59	session_06	jury_15	UMAMI	UMAMI	7.6
fraction_59	session_06	jury_15	FRAIS	FRESH	0
fraction_59	session_06	jury_15	SALÉ	SALTY	0
fraction_59	session_06	jury_15	AMERTUME	BITTER	8.6
fraction_59	session_06	jury_15	GRAS	FATTY	0
fraction_59	session_06	jury_16	AQUEUX	""	5.7
fraction_59	session_06	jury_16	AMERE	BITTER	7.7
fraction_59	session_06	jury_16	VOLUIME	VOLUME	0.1
fraction_60	session_06	jury_01	BOISÉ	WOODY	2.4
fraction_60	session_06	jury_03	GRAS	FATTY	0.3
fraction_60	session_06	jury_03	AMER	BITTER	0
fraction_60	session_06	jury_03	SUCRE	SWEET	0
fraction_60	session_06	jury_05	AMERTUME	BITTER	1
fraction_60	session_06	jury_05	GRAS	FATTY	0.1
fraction_60	session_06	jury_05	SALINITE	SALTY	4.6
fraction_60	session_06	jury_05	SUCROSITE	SWEET	0.1
fraction_60	session_06	jury_07	GRAS	FATTY	4.9
fraction_60	session_06	jury_07	FRAÎCHEUR	FRESH	6.6
fraction_60	session_06	jury_08	AMERTUME	BITTER	0
fraction_60	session_06	jury_08	GRAS	FATTY	4.8
fraction_60	session_06	jury_08	ASTRINGENCE	ASTRINGENT	0
fraction_60	session_06	jury_08	SALINITE	SALTY	0
fraction_60	session_06	jury_08	SUCROSITE	SWEET	0
fraction_60	session_06	jury_08	ACIDITE	ACID	0
fraction_60	session_06	jury_08	CARTON	CARTON	0
fraction_60	session_06	jury_09	AMERTUME	BITTER	1.9
fraction_60	session_06	jury_13	FRAIS	FRESH	6.6
fraction_60	session_06	jury_13	AMER	BITTER	2.6
fraction_60	session_06	jury_13	MINERAL	MINERALITY	6.4
fraction_60	session_06	jury_13	ASSECHANT	ASTRINGENT	2.3
fraction_60	session_06	jury_14	AMERTUME	BITTER	0
fraction_60	session_06	jury_14	GRAS	FATTY	1.6
fraction_60	session_06	jury_14	BOISE	WOODY	2.1
fraction_60	session_06	jury_14	ASTRINGENCE	ASTRINGENT	0
fraction_60	session_06	jury_15	UMAMI	UMAMI	1.9
fraction_60	session_06	jury_15	FRAIS	FRESH	0
fraction_60	session_06	jury_15	SALÉ	SALTY	4.7
fraction_60	session_06	jury_15	AMERTUME	BITTER	4.7
fraction_60	session_06	jury_15	GRAS	FATTY	0
fraction_60	session_06	jury_16	AQUEUX	""	10
fraction_60	session_06	jury_16	AMERE	BITTER	0
fraction_60	session_06	jury_16	VOLUIME	VOLUME	0.1
fraction_61	session_06	jury_01	BOISÉ	WOODY	2.4
fraction_61	session_06	jury_03	GRAS	FATTY	0.1
fraction_61	session_06	jury_03	AMER	BITTER	0
fraction_61	session_06	jury_03	SUCRE	SWEET	0
fraction_61	session_06	jury_05	AMERTUME	BITTER	1
fraction_61	session_06	jury_05	GRAS	FATTY	0.1
fraction_61	session_06	jury_05	SALINITE	SALTY	2.3
fraction_61	session_06	jury_05	SUCROSITE	SWEET	0.1
fraction_61	session_06	jury_07	GRAS	FATTY	9.5
fraction_61	session_06	jury_07	FRAÎCHEUR	FRESH	0.5
fraction_61	session_06	jury_08	AMERTUME	BITTER	0
fraction_61	session_06	jury_08	GRAS	FATTY	1.2
fraction_61	session_06	jury_08	ASTRINGENCE	ASTRINGENT	0
fraction_61	session_06	jury_08	SALINITE	SALTY	0
fraction_61	session_06	jury_08	SUCROSITE	SWEET	2.5
fraction_61	session_06	jury_08	ACIDITE	ACID	1.4
fraction_61	session_06	jury_08	CARTON	CARTON	0
fraction_61	session_06	jury_09	AMERTUME	BITTER	3.9
fraction_61	session_06	jury_13	FRAIS	FRESH	7.4
fraction_61	session_06	jury_13	AMER	BITTER	3.9
fraction_61	session_06	jury_13	MINERAL	MINERALITY	1.2
fraction_61	session_06	jury_13	ASSECHANT	ASTRINGENT	6.8
fraction_61	session_06	jury_14	AMERTUME	BITTER	0
fraction_61	session_06	jury_14	GRAS	FATTY	0
fraction_61	session_06	jury_14	BOISE	WOODY	3.5
fraction_61	session_06	jury_14	ASTRINGENCE	ASTRINGENT	0
fraction_61	session_06	jury_15	UMAMI	UMAMI	4.8
fraction_61	session_06	jury_15	FRAIS	FRESH	9.1
fraction_61	session_06	jury_15	SALÉ	SALTY	0
fraction_61	session_06	jury_15	AMERTUME	BITTER	6
fraction_61	session_06	jury_15	GRAS	FATTY	0
fraction_61	session_06	jury_16	AQUEUX	""	5.8
fraction_61	session_06	jury_16	AMERE	BITTER	0
fraction_61	session_06	jury_16	VOLUIME	VOLUME	8.9
fraction_62	session_06	jury_01	BOISÉ	WOODY	2.4
fraction_62	session_06	jury_03	GRAS	FATTY	0.1
fraction_62	session_06	jury_03	AMER	BITTER	0
fraction_62	session_06	jury_03	SUCRE	SWEET	0
fraction_62	session_06	jury_05	AMERTUME	BITTER	4
fraction_62	session_06	jury_05	GRAS	FATTY	0
fraction_62	session_06	jury_05	SALINITE	SALTY	0.1
fraction_62	session_06	jury_05	SUCROSITE	SWEET	0
fraction_62	session_06	jury_07	GRAS	FATTY	6.5
fraction_62	session_06	jury_07	FRAÎCHEUR	FRESH	1.6
fraction_62	session_06	jury_08	AMERTUME	BITTER	0
fraction_62	session_06	jury_08	GRAS	FATTY	2.3
fraction_62	session_06	jury_08	ASTRINGENCE	ASTRINGENT	1.6
fraction_62	session_06	jury_08	SALINITE	SALTY	0
fraction_62	session_06	jury_08	SUCROSITE	SWEET	0
fraction_62	session_06	jury_08	ACIDITE	ACID	1.5
fraction_62	session_06	jury_08	CARTON	CARTON	1.6
fraction_62	session_06	jury_09	AMERTUME	BITTER	0.6
fraction_62	session_06	jury_13	FRAIS	FRESH	4.3
fraction_62	session_06	jury_13	AMER	BITTER	2
fraction_62	session_06	jury_13	MINERAL	MINERALITY	6.4
fraction_62	session_06	jury_13	ASSECHANT	ASTRINGENT	6.5
fraction_62	session_06	jury_14	AMERTUME	BITTER	0
fraction_62	session_06	jury_14	GRAS	FATTY	0
fraction_62	session_06	jury_14	BOISE	WOODY	4.6
fraction_62	session_06	jury_14	ASTRINGENCE	ASTRINGENT	3
fraction_62	session_06	jury_15	UMAMI	UMAMI	4.9
fraction_62	session_06	jury_15	FRAIS	FRESH	9.1
fraction_62	session_06	jury_15	SALÉ	SALTY	0
fraction_62	session_06	jury_15	AMERTUME	BITTER	6
fraction_62	session_06	jury_15	GRAS	FATTY	0
fraction_62	session_06	jury_16	AQUEUX	""	5.8
fraction_62	session_06	jury_16	AMERE	BITTER	0
fraction_62	session_06	jury_16	VOLUIME	VOLUME	8.8
fraction_63	session_06	jury_01	BOISÉ	WOODY	2.4
fraction_63	session_06	jury_03	GRAS	FATTY	0
fraction_63	session_06	jury_03	AMER	BITTER	0.2
fraction_63	session_06	jury_03	SUCRE	SWEET	0
fraction_63	session_06	jury_05	AMERTUME	BITTER	9.6
fraction_63	session_06	jury_05	GRAS	FATTY	0
fraction_63	session_06	jury_05	SALINITE	SALTY	0.1
fraction_63	session_06	jury_05	SUCROSITE	SWEET	0.1
fraction_63	session_06	jury_07	GRAS	FATTY	6.6
fraction_63	session_06	jury_07	FRAÎCHEUR	FRESH	1.8
fraction_63	session_06	jury_08	AMERTUME	BITTER	9
fraction_63	session_06	jury_08	GRAS	FATTY	4.2
fraction_63	session_06	jury_08	ASTRINGENCE	ASTRINGENT	0
fraction_63	session_06	jury_08	SALINITE	SALTY	0
fraction_63	session_06	jury_08	SUCROSITE	SWEET	1.3
fraction_63	session_06	jury_08	ACIDITE	ACID	0
fraction_63	session_06	jury_08	CARTON	CARTON	0
fraction_63	session_06	jury_09	AMERTUME	BITTER	0.6
fraction_63	session_06	jury_13	FRAIS	FRESH	4.3
fraction_63	session_06	jury_13	AMER	BITTER	5.4
fraction_63	session_06	jury_13	MINERAL	MINERALITY	4.2
fraction_63	session_06	jury_13	ASSECHANT	ASTRINGENT	6.3
fraction_63	session_06	jury_14	AMERTUME	BITTER	3.3
fraction_63	session_06	jury_14	GRAS	FATTY	0
fraction_63	session_06	jury_14	BOISE	WOODY	2.5
fraction_63	session_06	jury_14	ASTRINGENCE	ASTRINGENT	2.2
fraction_63	session_06	jury_15	UMAMI	UMAMI	1.9
fraction_63	session_06	jury_15	FRAIS	FRESH	0
fraction_63	session_06	jury_15	SALÉ	SALTY	4.7
fraction_63	session_06	jury_15	AMERTUME	BITTER	4.7
fraction_63	session_06	jury_15	GRAS	FATTY	0
fraction_63	session_06	jury_16	AQUEUX	""	5.8
fraction_63	session_06	jury_16	AMERE	BITTER	0.1
fraction_63	session_06	jury_16	VOLUIME	VOLUME	8.8
fraction_64	session_07	jury_01	AMER	BITTER	1
fraction_64	session_07	jury_01	IODE	IODINE	3.7
fraction_64	session_07	jury_03	SUCRE	SWEET	1.3
fraction_64	session_07	jury_03	CHLORE	CHLORINE	3
fraction_64	session_07	jury_03	GRAS	FATTY	0
fraction_64	session_07	jury_04	VOLUME	VOLUME	4.15
fraction_64	session_07	jury_04	ACIDE	ACID	4.1
fraction_64	session_07	jury_05	GRAS	FATTY	2.35
fraction_64	session_07	jury_05	AMERTUME	BITTER	0.7
fraction_64	session_07	jury_05	SALINITE	SALTY	0
fraction_64	session_07	jury_05	ACIDITE	ACID	0.8
fraction_64	session_07	jury_06	AMER	BITTER	1.3
fraction_64	session_07	jury_06	GRAS_VOLUME	FATTY	1.65
fraction_64	session_07	jury_06	GRAS_VOLUME	VOLUME	1.65
fraction_64	session_07	jury_06	VEG CHIMIQUE	VEGETAL	2.05
fraction_64	session_07	jury_06	VEG CHIMIQUE	CHEMICAL	2.05
fraction_64	session_07	jury_06	UMAMI	UMAMI	0.25
fraction_64	session_07	jury_07	FRAICHEUR	FRESH	1.8
fraction_64	session_07	jury_07	VOLUME	VOLUME	1.45
fraction_64	session_07	jury_07	ASTRINGENCE	ASTRINGENT	0.1
fraction_64	session_07	jury_08	GRAS	FATTY	2.1
fraction_64	session_07	jury_08	FLUIDITE	MOUTHFILLING	1.55
fraction_64	session_07	jury_08	SUCROSITE	SWEET	1.55
fraction_64	session_07	jury_10	AMER	BITTER	0
fraction_64	session_07	jury_10	SUCRE	SWEET	0.3
fraction_64	session_07	jury_10	GRAS	FATTY	0.5
fraction_64	session_07	jury_10	ASSECHANT	ASTRINGENT	0
fraction_64	session_07	jury_11	AMER	BITTER	2.35
fraction_64	session_07	jury_11	SUCRE	SWEET	0.15
fraction_64	session_07	jury_13	SEC-MNERAL	ACID	2.85
fraction_64	session_07	jury_13	SEC-MNERAL	MINERALITY	2.85
fraction_64	session_07	jury_13	SEC-AMER	BITTER	2.35
fraction_64	session_07	jury_15	AMER	BITTER	0
fraction_64	session_07	jury_15	UMAMI	UMAMI	0
fraction_64	session_07	jury_15	SALÉ	SALTY	1.15
fraction_64	session_07	jury_15	INTENSITÉ AROMA	AROMATIC	2.65
fraction_64	session_07	jury_15	FRAICHEUR	FRESH	4.3
fraction_64	session_07	jury_16	VOLUME	VOLUME	0.5
fraction_64	session_07	jury_16	AMERTUME	BITTER	0.85
fraction_64	session_07	jury_16	COLLANT	MOUTHFILLING	0.3
fraction_65	session_07	jury_01	AMER	BITTER	3.4
fraction_65	session_07	jury_01	IODE	IODINE	3.7
fraction_65	session_07	jury_03	SUCRE	SWEET	0
fraction_65	session_07	jury_03	CHLORE	CHLORINE	2.2
fraction_65	session_07	jury_03	GRAS	FATTY	0
fraction_65	session_07	jury_04	VOLUME	VOLUME	4.2
fraction_65	session_07	jury_04	ACIDE	ACID	4.1
fraction_65	session_07	jury_05	GRAS	FATTY	2.35
fraction_65	session_07	jury_05	AMERTUME	BITTER	0.7
fraction_65	session_07	jury_05	SALINITE	SALTY	2.3
fraction_65	session_07	jury_05	ACIDITE	ACID	0.05
fraction_65	session_07	jury_06	AMER	BITTER	4
fraction_65	session_07	jury_06	GRAS_VOLUME	FATTY	0.75
fraction_65	session_07	jury_06	GRAS_VOLUME	VOLUME	0.75
fraction_65	session_07	jury_06	VEG CHIMIQUE	VEGETAL	4.05
fraction_65	session_07	jury_06	VEG CHIMIQUE	CHEMICAL	4.05
fraction_65	session_07	jury_06	UMAMI	UMAMI	1.3
fraction_65	session_07	jury_07	FRAICHEUR	FRESH	1.8
fraction_65	session_07	jury_07	VOLUME	VOLUME	1.45
fraction_65	session_07	jury_07	ASTRINGENCE	ASTRINGENT	0.1
fraction_65	session_07	jury_08	GRAS	FATTY	4.15
fraction_65	session_07	jury_08	FLUIDITE	MOUTHFILLING	0.25
fraction_65	session_07	jury_08	SUCROSITE	SWEET	3.3
fraction_65	session_07	jury_10	AMER	BITTER	0.4
fraction_65	session_07	jury_10	SUCRE	SWEET	0
fraction_65	session_07	jury_10	GRAS	FATTY	0
fraction_65	session_07	jury_10	ASSECHANT	ASTRINGENT	0.35
fraction_65	session_07	jury_11	AMER	BITTER	2.3
fraction_65	session_07	jury_11	SUCRE	SWEET	0.1
fraction_65	session_07	jury_13	SEC-MNERAL	ACID	1.9
fraction_65	session_07	jury_13	SEC-MNERAL	MINERALITY	1.9
fraction_65	session_07	jury_13	SEC-AMER	BITTER	2.05
fraction_65	session_07	jury_15	AMER	BITTER	0.85
fraction_65	session_07	jury_15	UMAMI	UMAMI	0
fraction_65	session_07	jury_15	SALÉ	SALTY	0
fraction_65	session_07	jury_15	INTENSITÉ AROMA	AROMATIC	0.8
fraction_65	session_07	jury_15	FRAICHEUR	FRESH	1.05
fraction_65	session_07	jury_16	VOLUME	VOLUME	0.5
fraction_65	session_07	jury_16	AMERTUME	BITTER	0.85
fraction_65	session_07	jury_16	COLLANT	MOUTHFILLING	0.35
fraction_66	session_07	jury_01	AMER	BITTER	2.25
fraction_66	session_07	jury_01	IODE	IODINE	4.35
fraction_66	session_07	jury_03	SUCRE	SWEET	0
fraction_66	session_07	jury_03	CHLORE	CHLORINE	2.35
fraction_66	session_07	jury_03	GRAS	FATTY	0
fraction_66	session_07	jury_04	VOLUME	VOLUME	2.7
fraction_66	session_07	jury_04	ACIDE	ACID	4.1
fraction_66	session_07	jury_05	GRAS	FATTY	0.7
fraction_66	session_07	jury_05	AMERTUME	BITTER	0.7
fraction_66	session_07	jury_05	SALINITE	SALTY	2.3
fraction_66	session_07	jury_05	ACIDITE	ACID	0.05
fraction_66	session_07	jury_06	AMER	BITTER	2.75
fraction_66	session_07	jury_06	GRAS_VOLUME	FATTY	1
fraction_66	session_07	jury_06	GRAS_VOLUME	VOLUME	1
fraction_66	session_07	jury_06	VEG CHIMIQUE	VEGETAL	2.3
fraction_66	session_07	jury_06	VEG CHIMIQUE	CHEMICAL	2.3
fraction_66	session_07	jury_06	UMAMI	UMAMI	0.7
fraction_66	session_07	jury_07	FRAICHEUR	FRESH	2.8
fraction_66	session_07	jury_07	VOLUME	VOLUME	0.9
fraction_66	session_07	jury_07	ASTRINGENCE	ASTRINGENT	2.75
fraction_66	session_07	jury_08	GRAS	FATTY	3.55
fraction_66	session_07	jury_08	FLUIDITE	MOUTHFILLING	0.5
fraction_66	session_07	jury_08	SUCROSITE	SWEET	2.5
fraction_66	session_07	jury_10	AMER	BITTER	0
fraction_66	session_07	jury_10	SUCRE	SWEET	0
fraction_66	session_07	jury_10	GRAS	FATTY	0
fraction_66	session_07	jury_10	ASSECHANT	ASTRINGENT	0
fraction_66	session_07	jury_11	AMER	BITTER	2.3
fraction_66	session_07	jury_11	SUCRE	SWEET	0.1
fraction_66	session_07	jury_13	SEC-MNERAL	ACID	3.4
fraction_66	session_07	jury_13	SEC-MNERAL	MINERALITY	3.4
fraction_66	session_07	jury_13	SEC-AMER	BITTER	3.05
fraction_66	session_07	jury_15	AMER	BITTER	4.15
fraction_66	session_07	jury_15	UMAMI	UMAMI	2.6
fraction_66	session_07	jury_15	SALÉ	SALTY	0
fraction_66	session_07	jury_15	INTENSITÉ AROMA	AROMATIC	1.65
fraction_66	session_07	jury_15	FRAICHEUR	FRESH	3.5
fraction_66	session_07	jury_16	VOLUME	VOLUME	0.55
fraction_66	session_07	jury_16	AMERTUME	BITTER	0.9
fraction_66	session_07	jury_16	COLLANT	MOUTHFILLING	0.35
fraction_67	session_07	jury_01	AMER	BITTER	3.45
fraction_67	session_07	jury_01	IODE	IODINE	3.7
fraction_67	session_07	jury_03	SUCRE	SWEET	0
fraction_67	session_07	jury_03	CHLORE	CHLORINE	4.65
fraction_67	session_07	jury_03	GRAS	FATTY	0
fraction_67	session_07	jury_04	VOLUME	VOLUME	0.35
fraction_67	session_07	jury_04	ACIDE	ACID	2.2
fraction_67	session_07	jury_05	GRAS	FATTY	0.75
fraction_67	session_07	jury_05	AMERTUME	BITTER	2.4
fraction_67	session_07	jury_05	SALINITE	SALTY	0.8
fraction_67	session_07	jury_05	ACIDITE	ACID	0.05
fraction_67	session_07	jury_06	AMER	BITTER	1.15
fraction_67	session_07	jury_06	GRAS_VOLUME	FATTY	1.9
fraction_67	session_07	jury_06	GRAS_VOLUME	VOLUME	1.9
fraction_67	session_07	jury_06	VEG CHIMIQUE	VEGETAL	2.95
fraction_67	session_07	jury_06	VEG CHIMIQUE	CHEMICAL	2.95
fraction_67	session_07	jury_06	UMAMI	UMAMI	0.85
fraction_67	session_07	jury_07	FRAICHEUR	FRESH	0.9
fraction_67	session_07	jury_07	VOLUME	VOLUME	3.35
fraction_67	session_07	jury_07	ASTRINGENCE	ASTRINGENT	0.05
fraction_67	session_07	jury_08	GRAS	FATTY	0.85
fraction_67	session_07	jury_08	FLUIDITE	MOUTHFILLING	3.1
fraction_67	session_07	jury_08	SUCROSITE	SWEET	0.3
fraction_67	session_07	jury_10	AMER	BITTER	0.4
fraction_67	session_07	jury_10	SUCRE	SWEET	0
fraction_67	session_07	jury_10	GRAS	FATTY	0
fraction_67	session_07	jury_10	ASSECHANT	ASTRINGENT	0.4
fraction_67	session_07	jury_11	AMER	BITTER	1.15
fraction_67	session_07	jury_11	SUCRE	SWEET	0.15
fraction_67	session_07	jury_13	SEC-MNERAL	ACID	3.4
fraction_67	session_07	jury_13	SEC-MNERAL	MINERALITY	3.4
fraction_67	session_07	jury_13	SEC-AMER	BITTER	2.15
fraction_67	session_07	jury_15	AMER	BITTER	0.85
fraction_67	session_07	jury_15	UMAMI	UMAMI	0
fraction_67	session_07	jury_15	SALÉ	SALTY	1.15
fraction_67	session_07	jury_15	INTENSITÉ AROMA	AROMATIC	2.65
fraction_67	session_07	jury_15	FRAICHEUR	FRESH	4.25
fraction_67	session_07	jury_16	VOLUME	VOLUME	3.6
fraction_67	session_07	jury_16	AMERTUME	BITTER	0.85
fraction_67	session_07	jury_16	COLLANT	MOUTHFILLING	3.1
fraction_68	session_07	jury_01	AMER	BITTER	2.3
fraction_68	session_07	jury_01	IODE	IODINE	4.3
fraction_68	session_07	jury_03	SUCRE	SWEET	1.35
fraction_68	session_07	jury_03	CHLORE	CHLORINE	3.55
fraction_68	session_07	jury_03	GRAS	FATTY	0.9
fraction_68	session_07	jury_04	VOLUME	VOLUME	4.15
fraction_68	session_07	jury_04	ACIDE	ACID	2.3
fraction_68	session_07	jury_05	GRAS	FATTY	0.05
fraction_68	session_07	jury_05	AMERTUME	BITTER	0.7
fraction_68	session_07	jury_05	SALINITE	SALTY	1.25
fraction_68	session_07	jury_05	ACIDITE	ACID	0.05
fraction_68	session_07	jury_06	AMER	BITTER	1.6
fraction_68	session_07	jury_06	GRAS_VOLUME	FATTY	2.45
fraction_68	session_07	jury_06	GRAS_VOLUME	VOLUME	2.45
fraction_68	session_07	jury_06	VEG CHIMIQUE	VEGETAL	1.6
fraction_68	session_07	jury_06	VEG CHIMIQUE	CHEMICAL	1.6
fraction_68	session_07	jury_06	UMAMI	UMAMI	2.15
fraction_68	session_07	jury_07	FRAICHEUR	FRESH	0.5
fraction_68	session_07	jury_07	VOLUME	VOLUME	4.55
fraction_68	session_07	jury_07	ASTRINGENCE	ASTRINGENT	0.05
fraction_68	session_07	jury_08	GRAS	FATTY	2.85
fraction_68	session_07	jury_08	FLUIDITE	MOUTHFILLING	1.2
fraction_68	session_07	jury_08	SUCROSITE	SWEET	2.05
fraction_68	session_07	jury_10	AMER	BITTER	1.05
fraction_68	session_07	jury_10	SUCRE	SWEET	0
fraction_68	session_07	jury_10	GRAS	FATTY	0
fraction_68	session_07	jury_10	ASSECHANT	ASTRINGENT	1
fraction_68	session_07	jury_11	AMER	BITTER	1.2
fraction_68	session_07	jury_11	SUCRE	SWEET	0.1
fraction_68	session_07	jury_13	SEC-MNERAL	ACID	2.65
fraction_68	session_07	jury_13	SEC-MNERAL	MINERALITY	2.65
fraction_68	session_07	jury_13	SEC-AMER	BITTER	1.75
fraction_68	session_07	jury_15	AMER	BITTER	0
fraction_68	session_07	jury_15	UMAMI	UMAMI	0
fraction_68	session_07	jury_15	SALÉ	SALTY	0
fraction_68	session_07	jury_15	INTENSITÉ AROMA	AROMATIC	2.65
fraction_68	session_07	jury_15	FRAICHEUR	FRESH	3.5
fraction_68	session_07	jury_16	VOLUME	VOLUME	1.4
fraction_68	session_07	jury_16	AMERTUME	BITTER	3.05
fraction_68	session_07	jury_16	COLLANT	MOUTHFILLING	0.95
fraction_69	session_07	jury_01	AMER	BITTER	1.05
fraction_69	session_07	jury_01	IODE	IODINE	3.7
fraction_69	session_07	jury_03	SUCRE	SWEET	0.65
fraction_69	session_07	jury_03	CHLORE	CHLORINE	4.1
fraction_69	session_07	jury_03	GRAS	FATTY	0
fraction_69	session_07	jury_04	VOLUME	VOLUME	2.75
fraction_69	session_07	jury_04	ACIDE	ACID	4.05
fraction_69	session_07	jury_05	GRAS	FATTY	0.75
fraction_69	session_07	jury_05	AMERTUME	BITTER	2.9
fraction_69	session_07	jury_05	SALINITE	SALTY	0.05
fraction_69	session_07	jury_05	ACIDITE	ACID	0.05
fraction_69	session_07	jury_06	AMER	BITTER	1.35
fraction_69	session_07	jury_06	GRAS_VOLUME	FATTY	2
fraction_69	session_07	jury_06	GRAS_VOLUME	VOLUME	2
fraction_69	session_07	jury_06	VEG CHIMIQUE	VEGETAL	1.25
fraction_69	session_07	jury_06	VEG CHIMIQUE	CHEMICAL	1.25
fraction_69	session_07	jury_06	UMAMI	UMAMI	2.45
fraction_69	session_07	jury_07	FRAICHEUR	FRESH	3.5
fraction_69	session_07	jury_07	VOLUME	VOLUME	0.25
fraction_69	session_07	jury_07	ASTRINGENCE	ASTRINGENT	0.1
fraction_69	session_07	jury_08	GRAS	FATTY	0.45
fraction_69	session_07	jury_08	FLUIDITE	MOUTHFILLING	2.6
fraction_69	session_07	jury_08	SUCROSITE	SWEET	0.35
fraction_69	session_07	jury_10	AMER	BITTER	0.4
fraction_69	session_07	jury_10	SUCRE	SWEET	0
fraction_69	session_07	jury_10	GRAS	FATTY	0
fraction_69	session_07	jury_10	ASSECHANT	ASTRINGENT	0.35
fraction_69	session_07	jury_11	AMER	BITTER	1.2
fraction_69	session_07	jury_11	SUCRE	SWEET	1.2
fraction_69	session_07	jury_13	SEC-MNERAL	ACID	3.75
fraction_69	session_07	jury_13	SEC-MNERAL	MINERALITY	3.75
fraction_69	session_07	jury_13	SEC-AMER	BITTER	1.85
fraction_69	session_07	jury_15	AMER	BITTER	0
fraction_69	session_07	jury_15	UMAMI	UMAMI	2.6
fraction_69	session_07	jury_15	SALÉ	SALTY	1.1
fraction_69	session_07	jury_15	INTENSITÉ AROMA	AROMATIC	1.6
fraction_69	session_07	jury_15	FRAICHEUR	FRESH	3.5
fraction_69	session_07	jury_16	VOLUME	VOLUME	2
fraction_69	session_07	jury_16	AMERTUME	BITTER	2.1
fraction_69	session_07	jury_16	COLLANT	MOUTHFILLING	1.45
fraction_70	session_07	jury_01	AMER	BITTER	1.05
fraction_70	session_07	jury_01	IODE	IODINE	3.7
fraction_70	session_07	jury_03	SUCRE	SWEET	1.5
fraction_70	session_07	jury_03	CHLORE	CHLORINE	4.25
fraction_70	session_07	jury_03	GRAS	FATTY	1.6
fraction_70	session_07	jury_04	VOLUME	VOLUME	0.45
fraction_70	session_07	jury_04	ACIDE	ACID	4.05
fraction_70	session_07	jury_05	GRAS	FATTY	0.8
fraction_70	session_07	jury_05	AMERTUME	BITTER	1.45
fraction_70	session_07	jury_05	SALINITE	SALTY	0.05
fraction_70	session_07	jury_05	ACIDITE	ACID	0
fraction_70	session_07	jury_06	AMER	BITTER	1.05
fraction_70	session_07	jury_06	GRAS_VOLUME	FATTY	0.95
fraction_70	session_07	jury_06	GRAS_VOLUME	VOLUME	0.95
fraction_70	session_07	jury_06	VEG CHIMIQUE	VEGETAL	1.8
fraction_70	session_07	jury_06	VEG CHIMIQUE	CHEMICAL	1.8
fraction_70	session_07	jury_06	UMAMI	UMAMI	0.65
fraction_70	session_07	jury_07	FRAICHEUR	FRESH	1.55
fraction_70	session_07	jury_07	VOLUME	VOLUME	3.35
fraction_70	session_07	jury_07	ASTRINGENCE	ASTRINGENT	0.05
fraction_70	session_07	jury_08	GRAS	FATTY	0.85
fraction_70	session_07	jury_08	FLUIDITE	MOUTHFILLING	2.65
fraction_70	session_07	jury_08	SUCROSITE	SWEET	0
fraction_70	session_07	jury_10	AMER	BITTER	1.05
fraction_70	session_07	jury_10	SUCRE	SWEET	0
fraction_70	session_07	jury_10	GRAS	FATTY	0
fraction_70	session_07	jury_10	ASSECHANT	ASTRINGENT	1.05
fraction_70	session_07	jury_11	AMER	BITTER	1.2
fraction_70	session_07	jury_11	SUCRE	SWEET	0.15
fraction_70	session_07	jury_13	SEC-MNERAL	ACID	2.2
fraction_70	session_07	jury_13	SEC-MNERAL	MINERALITY	2.2
fraction_70	session_07	jury_13	SEC-AMER	BITTER	3.55
fraction_70	session_07	jury_15	AMER	BITTER	0
fraction_70	session_07	jury_15	UMAMI	UMAMI	0
fraction_70	session_07	jury_15	SALÉ	SALTY	0
fraction_70	session_07	jury_15	INTENSITÉ AROMA	AROMATIC	2.65
fraction_70	session_07	jury_15	FRAICHEUR	FRESH	3.5
fraction_70	session_07	jury_16	VOLUME	VOLUME	3
fraction_70	session_07	jury_16	AMERTUME	BITTER	2.65
fraction_70	session_07	jury_16	COLLANT	MOUTHFILLING	3.15
fraction_71	session_07	jury_01	AMER	BITTER	1.05
fraction_71	session_07	jury_01	IODE	IODINE	2.75
fraction_71	session_07	jury_03	SUCRE	SWEET	3.15
fraction_71	session_07	jury_03	CHLORE	CHLORINE	1.95
fraction_71	session_07	jury_03	GRAS	FATTY	3.65
fraction_71	session_07	jury_04	VOLUME	VOLUME	0.4
fraction_71	session_07	jury_04	ACIDE	ACID	2.35
fraction_71	session_07	jury_05	GRAS	FATTY	1.3
fraction_71	session_07	jury_05	AMERTUME	BITTER	0.7
fraction_71	session_07	jury_05	SALINITE	SALTY	0.8
fraction_71	session_07	jury_05	ACIDITE	ACID	0.05
fraction_71	session_07	jury_06	AMER	BITTER	2.25
fraction_71	session_07	jury_06	GRAS_VOLUME	FATTY	0.15
fraction_71	session_07	jury_06	GRAS_VOLUME	VOLUME	0.15
fraction_71	session_07	jury_06	VEG CHIMIQUE	VEGETAL	2.45
fraction_71	session_07	jury_06	VEG CHIMIQUE	CHEMICAL	2.45
fraction_71	session_07	jury_06	UMAMI	UMAMI	0.7
fraction_71	session_07	jury_07	FRAICHEUR	FRESH	0.35
fraction_71	session_07	jury_07	VOLUME	VOLUME	3.35
fraction_71	session_07	jury_07	ASTRINGENCE	ASTRINGENT	1.65
fraction_71	session_07	jury_08	GRAS	FATTY	1.35
fraction_71	session_07	jury_08	FLUIDITE	MOUTHFILLING	2.15
fraction_71	session_07	jury_08	SUCROSITE	SWEET	0.8
fraction_71	session_07	jury_10	AMER	BITTER	0
fraction_71	session_07	jury_10	SUCRE	SWEET	0.65
fraction_71	session_07	jury_10	GRAS	FATTY	0.95
fraction_71	session_07	jury_10	ASSECHANT	ASTRINGENT	0
fraction_71	session_07	jury_11	AMER	BITTER	1.25
fraction_71	session_07	jury_11	SUCRE	SWEET	1.2
fraction_71	session_07	jury_13	SEC-MNERAL	ACID	3.25
fraction_71	session_07	jury_13	SEC-MNERAL	MINERALITY	3.25
fraction_71	session_07	jury_13	SEC-AMER	BITTER	2.4
fraction_71	session_07	jury_15	AMER	BITTER	3.55
fraction_71	session_07	jury_15	UMAMI	UMAMI	0
fraction_71	session_07	jury_15	SALÉ	SALTY	0
fraction_71	session_07	jury_15	INTENSITÉ AROMA	AROMATIC	2.65
fraction_71	session_07	jury_15	FRAICHEUR	FRESH	4.25
fraction_71	session_07	jury_16	VOLUME	VOLUME	3.6
fraction_71	session_07	jury_16	AMERTUME	BITTER	2.6
fraction_71	session_07	jury_16	COLLANT	MOUTHFILLING	3.1
